Sat May 24 18:09:09 2025       
+-----------------------------------------------------------------------------------------+
| NVIDIA-SMI 570.133.20             Driver Version: 570.133.20     CUDA Version: 12.8     |
|-----------------------------------------+------------------------+----------------------+
| GPU  Name                 Persistence-M | Bus-Id          Disp.A | Volatile Uncorr. ECC |
| Fan  Temp   Perf          Pwr:Usage/Cap |           Memory-Usage | GPU-Util  Compute M. |
|                                         |                        |               MIG M. |
|=========================================+========================+======================|
|   0  NVIDIA A100-PCIE-40GB          On  |   00000000:39:00.0 Off |                    0 |
| N/A   62C    P0             50W /  250W |       0MiB /  40960MiB |      0%      Default |
|                                         |                        |             Disabled |
+-----------------------------------------+------------------------+----------------------+
                                                                                         
+-----------------------------------------------------------------------------------------+
| Processes:                                                                              |
|  GPU   GI   CI              PID   Type   Process name                        GPU Memory |
|        ID   ID                                                               Usage      |
|=========================================================================================|
|  No running processes found                                                             |
+-----------------------------------------------------------------------------------------+
Warning, cannot find cuda-compiled version of RoPE2D, using a slow pytorch version instead
[36mSaving outputs to /cluster/home/yihuli/MV-NoPoSplat/outputs/exp_re10k/2025-05-24_18-09-23.[39m
GPU available: True (cuda), used: True
TPU available: False, using: 0 TPU cores
HPU available: False, using: 0 HPUs
unexpected_keys:  []
Setting up [LPIPS] perceptual loss: trunk [vgg], v[0.1], spatial [off]
[2025-05-24 18:10:20,580][py.warnings][WARNING] - /cluster/project/cvg/students/mv-nopo/noposplat-env/lib/python3.10/site-packages/torchvision/models/_utils.py:208: UserWarning: The parameter 'pretrained' is deprecated since 0.13 and may be removed in the future, please use 'weights' instead.
  warnings.warn(

[2025-05-24 18:10:20,581][py.warnings][WARNING] - /cluster/project/cvg/students/mv-nopo/noposplat-env/lib/python3.10/site-packages/torchvision/models/_utils.py:223: UserWarning: Arguments other than a weight enum or `None` for 'weights' are deprecated since 0.13 and may be removed in the future. The current behavior is equivalent to passing `weights=VGG16_Weights.IMAGENET1K_V1`. You can also use `weights=VGG16_Weights.DEFAULT` to get the most up-to-date weights.
  warnings.warn(msg)

wandb: Using wandb-core as the SDK backend.  Please refer to https://wandb.me/wandb-core for more information.
wandb: Currently logged in as: yihua-li (yihua-li-uzh) to https://api.wandb.ai. Use `wandb login --relogin` to force relogin
wandb: Tracking run with wandb version 0.19.8
wandb: Run data is saved locally in /cluster/home/yihuli/MV-NoPoSplat/outputs/exp_re10k/2025-05-24_18-09-23/wandb/run-20250524_181028-ujwogcm1
wandb: Run `wandb offline` to turn off syncing.
wandb: Syncing run re10k (exp_re10k/2025-05-24_18-09-23)
wandb: ⭐️ View project at https://wandb.ai/yihua-li-uzh/noposplat
wandb: 🚀 View run at https://wandb.ai/yihua-li-uzh/noposplat/runs/ujwogcm1
LOCAL_RANK: 0 - CUDA_VISIBLE_DEVICES: [0]

  | Name           | Type                 | Params | Mode 
----------------------------------------------------------------
0 | encoder        | EncoderNoPoSplat     | 689 M  | train
1 | decoder        | DecoderSplattingCUDA | 0      | train
2 | losses         | ModuleList           | 0      | train
3 | distiller      | Dust3R               | 0      | eval 
4 | distiller_loss | Regr3D               | 0      | train
----------------------------------------------------------------
689 M     Trainable params
0         Non-trainable params
689 M     Total params
2,756.262 Total estimated model params size (MB)
1091      Modules in train mode
1180      Modules in eval mode
SLURM auto-requeueing enabled. Setting signal handlers.
Loading model from: /cluster/project/cvg/students/mv-nopo/noposplat-env/lib/python3.10/site-packages/lpips/weights/v0.1/vgg.pth
validation step 0; scene = ['306e2b7785657539']; context = [[48, 73]]
[2025-05-24 18:10:33,756][py.warnings][WARNING] - /cluster/project/cvg/students/mv-nopo/noposplat-env/lib/python3.10/site-packages/torch/nn/modules/conv.py:456: UserWarning: Applied workaround for CuDNN issue, install nvrtc.so (Triggered internally at ../aten/src/ATen/native/cudnn/Conv_v8.cpp:80.)
  return F.conv2d(input, weight, bias, self.stride,

[2025-05-24 18:10:35,712][py.warnings][WARNING] - /cluster/project/cvg/students/mv-nopo/noposplat-env/lib/python3.10/site-packages/lightning/pytorch/utilities/data.py:79: Trying to infer the `batch_size` from an ambiguous collection. The batch size we found is 1. To avoid any miscalculations, use `self.log(..., batch_size=batch_size)`.

Setting up [LPIPS] perceptual loss: trunk [vgg], v[0.1], spatial [off]
[2025-05-24 18:10:35,714][py.warnings][WARNING] - /cluster/project/cvg/students/mv-nopo/noposplat-env/lib/python3.10/site-packages/torchvision/models/_utils.py:208: UserWarning: The parameter 'pretrained' is deprecated since 0.13 and may be removed in the future, please use 'weights' instead.
  warnings.warn(

[2025-05-24 18:10:35,715][py.warnings][WARNING] - /cluster/project/cvg/students/mv-nopo/noposplat-env/lib/python3.10/site-packages/torchvision/models/_utils.py:223: UserWarning: Arguments other than a weight enum or `None` for 'weights' are deprecated since 0.13 and may be removed in the future. The current behavior is equivalent to passing `weights=VGG16_Weights.IMAGENET1K_V1`. You can also use `weights=VGG16_Weights.DEFAULT` to get the most up-to-date weights.
  warnings.warn(msg)

Loading model from: /cluster/project/cvg/students/mv-nopo/noposplat-env/lib/python3.10/site-packages/lpips/weights/v0.1/vgg.pth
[2025-05-24 18:10:39,421][py.warnings][WARNING] - /cluster/project/cvg/students/mv-nopo/noposplat-env/lib/python3.10/site-packages/torch/utils/data/dataloader.py:557: UserWarning: This DataLoader will create 6 worker processes in total. Our suggested max number of worker in current system is 2, which is smaller than what this DataLoader is going to create. Please be aware that excessive worker creation might get DataLoader running slow or even freeze, lower the worker number to avoid potential slowness/freeze if necessary.
  warnings.warn(_create_warning_msg(

train step 0; scene = ['0f93fdb52c6933cf', 'a3a5e373d876db0e']; context = [[96, 121], [122, 147]]; loss = 0.347756
train step 10; scene = ['37b468e1f381e86f', '7ba0bb51ce172710']; context = [[141, 166], [165, 190]]; loss = 0.385035
train step 20; scene = ['baf50d5df6dc9369', '19a6008b9f6bdae3']; context = [[38, 63], [131, 156]]; loss = 0.374438
train step 30; scene = ['ae5a3df26e16754e', 'dd41e2ec5e3c45cc']; context = [[28, 53], [44, 69]]; loss = 0.266088
train step 40; scene = ['a6990abb3591ce5a', 'ff83cd13bfb4cb64']; context = [[65, 90], [215, 240]]; loss = 0.377152
train step 50; scene = ['de04b38c9180ede5', '1683c797f3feac29']; context = [[32, 57], [8, 33]]; loss = 0.355043
train step 60; scene = ['c620cf9d6045d520', 'fe5e06cd40924c05']; context = [[6, 31], [27, 52]]; loss = 0.467071
train step 70; scene = ['5ede369220cc16b1', 'dbdcfa52c1ec70d9']; context = [[15, 40], [218, 243]]; loss = 0.322064
train step 80; scene = ['9b26bb403d1d515e', '5a2447dbfc1bdfac']; context = [[81, 106], [82, 107]]; loss = 0.386609
train step 90; scene = ['9b098f8c8192c7ce', 'cacbd0d950fa884e']; context = [[4, 29], [51, 76]]; loss = 0.422594
train step 100; scene = ['ed41e978b59c7dcd', '85b956080085cac5']; context = [[115, 140], [18, 43]]; loss = 0.252413
train step 110; scene = ['b75f3820760d835c', 'db5e3b998bc94027']; context = [[28, 53], [109, 134]]; loss = 0.318872
train step 120; scene = ['985f536c523df714', '4936d5eff92eaf51']; context = [[204, 229], [40, 65]]; loss = 0.408049
train step 130; scene = ['0a8e684a8532d876', 'fd75e5dda8bc0264']; context = [[29, 54], [109, 134]]; loss = 0.229207
train step 140; scene = ['ca1d592f88d47c36', '30952e0d21bf56ca']; context = [[9, 34], [36, 61]]; loss = 0.287455
train step 150; scene = ['5843ed0dde576dbf', '53c264bec7ce0a5b']; context = [[74, 99], [30, 55]]; loss = 0.251389
train step 160; scene = ['44aef7cb631de76b', 'd28ef587fc9dfdca']; context = [[35, 60], [57, 82]]; loss = 0.263552
train step 170; scene = ['21c4e3e47db3ec1b', '012d97c9aa0ae783']; context = [[74, 99], [11, 36]]; loss = 0.395963
train step 180; scene = ['beafcc712b6557c6', '56f36de97a65d213']; context = [[87, 112], [102, 127]]; loss = 0.187629
train step 190; scene = ['bd80a34c8284be79', '080705db9a5d415f']; context = [[40, 65], [106, 131]]; loss = 0.321217
train step 200; scene = ['e3a4f6384d59cebc', '412e820ccb4c295b']; context = [[26, 51], [3, 28]]; loss = 0.322778
train step 210; scene = ['013ec74a4fde6737', 'a56e2c19e91b75a5']; context = [[23, 48], [157, 182]]; loss = 0.183006
train step 220; scene = ['595a7ae35480c8da', 'd2c81de826bac2bd']; context = [[81, 106], [194, 219]]; loss = 0.197114
train step 230; scene = ['b0c722d38ac56892', '87441de91f9dedee']; context = [[121, 146], [21, 46]]; loss = 0.287557
train step 240; scene = ['e919055f68a731c2', '0eb1437262133d78']; context = [[71, 96], [64, 89]]; loss = 0.241993
train step 250; scene = ['795355a4fa068e8e', '99a0790d72e6c2af']; context = [[27, 52], [8, 33]]; loss = 0.310075
train step 260; scene = ['f99b78702c324cf1', '17844a279135ac7e']; context = [[1, 26], [94, 119]]; loss = 0.424238
train step 270; scene = ['b2a6eb70de2ff1fb', '30d76af0e3ee8dfe']; context = [[46, 71], [168, 193]]; loss = 0.270503
train step 280; scene = ['a682d3630b102f34', '5244830b7357365b']; context = [[5, 30], [52, 77]]; loss = 0.222742
train step 290; scene = ['4e760826e7f8249b', 'eb18882d6a87f03b']; context = [[134, 159], [33, 58]]; loss = 0.173201
train step 300; scene = ['e19c6facac1c9624', 'f4cc5be3eb218af5']; context = [[103, 128], [51, 76]]; loss = 0.339183
train step 310; scene = ['8dd25b0a12c6a8f8', '162b5410b9529295']; context = [[3, 28], [33, 58]]; loss = 0.203038
train step 320; scene = ['0a6d080826d442d9', '63f70b8bfa08420f']; context = [[3, 28], [38, 63]]; loss = 0.190844
train step 330; scene = ['924c32f78e96f7b0', 'c5e63a8726d8d66c']; context = [[27, 52], [9, 34]]; loss = 0.160264
train step 340; scene = ['ce2a1c1f5d1dcd1e', '0013a39f3a02b5c3']; context = [[11, 36], [31, 56]]; loss = 0.404339
train step 350; scene = ['0c199c575b699444', '6574856af56d242c']; context = [[28, 53], [17, 42]]; loss = 0.124408
train step 360; scene = ['cad8d99d5938a98a', '3f1a1e582e8c1158']; context = [[166, 191], [4, 29]]; loss = 0.190948
train step 370; scene = ['eebc10a8972de7ee', 'f16461e58448c4a6']; context = [[109, 134], [2, 27]]; loss = 0.170401
train step 380; scene = ['e47e4551589a610a', '3f732b63cdd0729e']; context = [[50, 75], [6, 31]]; loss = 0.112938
train step 390; scene = ['311590a1d4eb0250', 'f0a4dbea41f2d807']; context = [[183, 208], [231, 256]]; loss = 0.181788
train step 400; scene = ['1d2907d54964fabe', '427fa27ba9d98e00']; context = [[49, 74], [16, 41]]; loss = 0.275192
train step 410; scene = ['43947a751e7c8059', 'fa79f3c0a4bd7831']; context = [[23, 48], [94, 119]]; loss = 0.141041
train step 420; scene = ['de1f080af877df76', 'a0da76d51b39f2d1']; context = [[87, 112], [11, 36]]; loss = 0.115919
train step 430; scene = ['3bca29d56784093e', '80fdc99ef1b23262']; context = [[163, 188], [3, 28]]; loss = 0.191293
train step 440; scene = ['d5d88e90c900def8', 'b94110a1578a1606']; context = [[52, 77], [13, 38]]; loss = 0.111378
train step 450; scene = ['35460445a8778406', 'bcfff341d1aff83d']; context = [[180, 205], [34, 59]]; loss = 0.151500
train step 460; scene = ['be61ee74727369e9', '60499200285c9abe']; context = [[43, 68], [19, 44]]; loss = 0.110210
train step 470; scene = ['b3b3f7695bb5ca32', 'c81c3055d4056fde']; context = [[20, 45], [219, 244]]; loss = 0.105201
train step 480; scene = ['cbb08aa58b52b464', 'c4cb1c9fa8a8304b']; context = [[118, 143], [52, 77]]; loss = 0.139665
train step 490; scene = ['901e47c506f0d2c1', '3f209aa0b5e74285']; context = [[66, 91], [10, 35]]; loss = 0.109986
train step 500; scene = ['175e1611df44964f', '97caecafbfa7f1f6']; context = [[176, 201], [4, 29]]; loss = 0.105913
train step 510; scene = ['d31e6aa8b1e23cf1', '96292e5e47cc9fc1']; context = [[13, 38], [37, 62]]; loss = 0.128065
train step 520; scene = ['53bdfb495b390baa', '72a9d8a95167817d']; context = [[67, 92], [21, 46]]; loss = 0.169679
train step 530; scene = ['c83c353973bfa41d', '265941bdd185f866']; context = [[47, 72], [71, 96]]; loss = 0.090698
train step 540; scene = ['560f551228f041d8', '52e0a5e734ad284d']; context = [[176, 201], [167, 192]]; loss = 0.157252
train step 550; scene = ['a58bd21f7b45e7b5', '42f3b9aeb02f45e7']; context = [[53, 78], [17, 42]]; loss = 0.100643
train step 560; scene = ['4af9e23605ed2f5d', '5c7e81ed74cd0615']; context = [[13, 38], [13, 38]]; loss = 0.106767
train step 570; scene = ['327ef8c556cdeb80', 'b91893366309b048']; context = [[27, 52], [14, 39]]; loss = 0.090330
train step 580; scene = ['468e9fdaa3224fce', '4dd9c5fab7e6ec75']; context = [[41, 66], [56, 81]]; loss = 0.106039
train step 590; scene = ['139dd6dc64abdf0d', 'eda5e1134146d5cf']; context = [[59, 84], [0, 25]]; loss = 0.103335
train step 600; scene = ['918e44e4ed0ca4b6', '933455a00b7e0575']; context = [[43, 68], [0, 25]]; loss = 0.129584
train step 610; scene = ['5a0a2d98b056e037', 'aa29ff2f57ff50b6']; context = [[27, 52], [18, 43]]; loss = 0.116815
train step 620; scene = ['6047d6adad773c2d', '9137204ba76b5bfd']; context = [[73, 98], [200, 225]]; loss = 0.116283
train step 630; scene = ['250136a25de84c24', 'b80411109ad427b9']; context = [[141, 166], [67, 92]]; loss = 0.097847
train step 640; scene = ['1fdef796118f642e', 'b953af75bafccce8']; context = [[208, 233], [82, 107]]; loss = 0.101070
train step 650; scene = ['2040195000efda34', '9d73ce3d387b1c91']; context = [[4, 29], [41, 66]]; loss = 0.091323
train step 660; scene = ['f2b4a95d85794e10', 'c1a2f4b74be3af7f']; context = [[114, 139], [39, 64]]; loss = 0.075960
train step 670; scene = ['d325bd35d81548c3', '7c432e25b1a185cc']; context = [[141, 166], [2, 27]]; loss = 0.070876
train step 680; scene = ['e09d600f5a8b0dd8', '58fec96d6e6cfd5e']; context = [[30, 55], [1, 26]]; loss = nan
train step 690; scene = ['03ab8e64ffcaafdd', '16fd029febc69afa']; context = [[16, 41], [32, 57]]; loss = 0.092855
train step 700; scene = ['5c68ac5923e96098', 'edf6636dfd51ba3c']; context = [[32, 57], [3, 28]]; loss = 0.075680
train step 710; scene = ['d4cc5c4887f72d3e', '609d6205bab3f9de']; context = [[96, 121], [57, 82]]; loss = 0.069285
train step 720; scene = ['feb5e3022fdc674f', 'da6a06777bf70381']; context = [[22, 47], [148, 173]]; loss = 0.085064
train step 730; scene = ['9c050a0cbaf7c15c', '7f3747639c846356']; context = [[27, 52], [73, 98]]; loss = 0.090154
train step 740; scene = ['4eeece700a2f060d', 'cb504ee449bf24de']; context = [[52, 77], [19, 44]]; loss = 0.104811
train step 750; scene = ['b1475406087c187a', '3b99f4e212ae3d5f']; context = [[25, 50], [4, 29]]; loss = 0.075758
train step 760; scene = ['27d7650462d5f41e', 'fb286be8ec93b902']; context = [[37, 62], [119, 144]]; loss = 0.073230
train step 770; scene = ['11a50f1b50fcb1e3', 'a1687c09273c771d']; context = [[19, 44], [75, 100]]; loss = 0.090464
train step 780; scene = ['208a59eecd4b555c', '36be66d194d57ec8']; context = [[120, 145], [4, 29]]; loss = 0.119219
train step 790; scene = ['f36462fee32fa428', '0049c83bad21bbdf']; context = [[5, 30], [15, 40]]; loss = 0.087656
train step 800; scene = ['d6fefe45e58fa3d9', '56de1091c01be96c']; context = [[216, 241], [10, 35]]; loss = 0.085398
train step 810; scene = ['2f330103819454c6', 'aa5175d18a929cb8']; context = [[18, 43], [73, 98]]; loss = 0.091968
train step 820; scene = ['58b7ae257fbaf6a8', 'dfc00e500e9b07b5']; context = [[55, 80], [10, 35]]; loss = 0.088005
train step 830; scene = ['738c891192860c9e', '754c5f8506aad9ca']; context = [[52, 77], [8, 33]]; loss = 0.073909
train step 840; scene = ['b4764c8fc2de0f78', 'e0ee3878561a5fed']; context = [[61, 86], [14, 39]]; loss = 0.062730
train step 850; scene = ['41d5e2c76fc98daf', 'c21766bd51fed5bc']; context = [[118, 143], [6, 31]]; loss = 0.083535
train step 860; scene = ['b008df0261874734', '493538f3442cb9fd']; context = [[30, 55], [46, 71]]; loss = 0.090624
train step 870; scene = ['bf4ba2808af7f8bb', 'f1565ae80396cf8f']; context = [[22, 47], [117, 142]]; loss = 0.062386
train step 880; scene = ['28e3c9a4261b68cf', '1a2b1d9e7065035b']; context = [[25, 50], [25, 50]]; loss = 0.093464
train step 890; scene = ['f01d231329f4844a', '2f681eb286f9233d']; context = [[16, 41], [9, 34]]; loss = 0.065396
train step 900; scene = ['3ec1eeba0cc084af', 'b86f88d0d21318cd']; context = [[241, 266], [37, 62]]; loss = 0.103844
train step 910; scene = ['261966d35cb9048d', '1bb8fe74783c5161']; context = [[2, 27], [186, 211]]; loss = 0.075817
train step 920; scene = ['3c3d091f5df7b66a', '8315a16cbe41dad8']; context = [[1, 26], [112, 137]]; loss = 0.071724
train step 930; scene = ['19a7f56ce6cabef4', 'bcef3076b93012b1']; context = [[9, 34], [119, 144]]; loss = 0.070077
train step 940; scene = ['6c5bdea82b1cbf83', '13f7e729c14cd10a']; context = [[56, 81], [97, 122]]; loss = 0.071070
train step 950; scene = ['c57efc4e9e0b3fff', 'e97b09a6783c26ce']; context = [[14, 39], [99, 124]]; loss = 0.063502
train step 960; scene = ['abdfc86976ee11de', 'f6d782005dc5b70f']; context = [[63, 88], [41, 66]]; loss = 0.097291
train step 970; scene = ['24744a1c7767e0f0', '8b91f281b1c3feec']; context = [[49, 74], [23, 48]]; loss = 0.081878
train step 980; scene = ['2d212482d640ed4c', '170c909cf2cb0451']; context = [[97, 122], [56, 81]]; loss = 0.054488
train step 990; scene = ['db24baad7f78f763', '8a6072782b732394']; context = [[16, 41], [0, 25]]; loss = 0.118112
train step 1000; scene = ['87b4a6264698ec22', 'dde473074941ed5f']; context = [[45, 70], [177, 202]]; loss = 0.052707
train step 1010; scene = ['0efe197d25725842', 'c540fde60000698b']; context = [[62, 87], [72, 97]]; loss = 0.095293
train step 1020; scene = ['b7a8199486232125', '30d52bc66d89221d']; context = [[13, 38], [82, 107]]; loss = 0.089608
train step 1030; scene = ['6c10df89a6e8c8c1', 'a5c1c97ecddf796a']; context = [[31, 56], [82, 107]]; loss = 0.071655
train step 1040; scene = ['c9549c302dd8199b', 'a1a1232aaf87f494']; context = [[82, 107], [76, 101]]; loss = 0.078607
train step 1050; scene = ['46e0b48bd2e4a857', 'af4c3213f2d7c811']; context = [[46, 71], [9, 34]]; loss = 0.081878
train step 1060; scene = ['923cf19c6a9b649f', '2cd2aaca2b648073']; context = [[93, 118], [54, 79]]; loss = 0.082367
train step 1070; scene = ['ca35b3630b4f28ec', '717bf560f8a74c28']; context = [[24, 49], [5, 30]]; loss = 0.086771
train step 1080; scene = ['df5695b1d749fefa', '813050433c8b20bd']; context = [[18, 43], [55, 80]]; loss = 0.090953
train step 1090; scene = ['db1bc45bd23844ee', 'bd9213b7a0ca097f']; context = [[28, 53], [139, 164]]; loss = 0.064298
train step 1100; scene = ['67c964e4dc73f102', '412222357402426d']; context = [[118, 143], [57, 82]]; loss = 0.070849
train step 1110; scene = ['0df8d4e3cd5241e6', '0f5392e04bb19f8c']; context = [[12, 37], [186, 211]]; loss = 0.061621
train step 1120; scene = ['59c7874807e993bc', '87246411aabecd27']; context = [[153, 178], [5, 30]]; loss = 0.071203
train step 1130; scene = ['276c268acac9eca8', 'af71d7a4edf61c31']; context = [[40, 65], [99, 124]]; loss = 0.072510
train step 1140; scene = ['8c22464dbf4d6c4e', '1a792e938e678905']; context = [[42, 67], [32, 57]]; loss = 0.071214
train step 1150; scene = ['6c292d2668c5df52', 'e6f0cbedb510bf73']; context = [[26, 51], [89, 114]]; loss = 0.068529
train step 1160; scene = ['7e7eef981c97198b', '0c4e347fdc75dbbe']; context = [[113, 138], [14, 39]]; loss = nan
train step 1170; scene = ['ff8f49bdb17e5050', '616d045c5963ecb2']; context = [[21, 46], [21, 46]]; loss = 0.069877
train step 1180; scene = ['c6bd8d3b3367444f', '256791fc9963d7cb']; context = [[32, 57], [131, 156]]; loss = 0.079306
train step 1190; scene = ['b5ada35c89248568', '7b6731292a087e9a']; context = [[22, 47], [208, 233]]; loss = 0.061449
train step 1200; scene = ['f30398f000a252c0', '9662f49b6a764dfb']; context = [[46, 71], [79, 104]]; loss = 0.064127
train step 1210; scene = ['76a2e535fa91b6d0', '03cbfe24b3fba7ec']; context = [[30, 55], [251, 276]]; loss = 0.074340
train step 1220; scene = ['b18b0e59cc8d6d53', '7a8d8426e0d1c1aa']; context = [[4, 29], [31, 56]]; loss = 0.060780
train step 1230; scene = ['ad2e98d672dde0e8', '534ddfd7e12e4188']; context = [[93, 118], [44, 69]]; loss = 0.085000
train step 1240; scene = ['ec166c975da009fa', '62c11fcd89d1eb0b']; context = [[61, 86], [34, 59]]; loss = 0.069915
train step 1250; scene = ['f8fb4c5f59b50530', '9467c3431e0e586c']; context = [[13, 38], [20, 45]]; loss = 0.045824
train step 1260; scene = ['b617e22319a08f26', 'c67ada3a05b5cac2']; context = [[81, 106], [23, 48]]; loss = 0.059619
train step 1270; scene = ['4272c750989935b9', 'c176654607fd9cce']; context = [[20, 45], [35, 60]]; loss = 0.052459
train step 1280; scene = ['5c264ea5cb7804c5', '15be5925908185f9']; context = [[21, 46], [10, 35]]; loss = 0.066209
train step 1290; scene = ['a176ed5970cfceb3', '1ac1373478877088']; context = [[50, 75], [61, 86]]; loss = 0.057200
train step 1300; scene = ['521545d0559d0f85', '3c1aa6e11ad2bb0c']; context = [[54, 79], [147, 172]]; loss = 0.054440
train step 1310; scene = ['5e8fcb22d403ff9c', 'ee05b13cdf928ba3']; context = [[72, 97], [30, 55]]; loss = 0.062564
train step 1320; scene = ['47cb248959be863f', 'a5b29ff192bc83b2']; context = [[133, 158], [3, 28]]; loss = 0.068020
train step 1330; scene = ['8fe1eeecc6de5af1', '3a2bd2caec480db4']; context = [[45, 70], [56, 81]]; loss = 0.052318
train step 1340; scene = ['4f640c7c51e4ae6b', 'bfc0d31e9c828e4c']; context = [[38, 63], [151, 176]]; loss = 0.080247
train step 1350; scene = ['0a854eeeca6da423', '36d35f3147e02798']; context = [[11, 36], [173, 198]]; loss = 0.060774
train step 1360; scene = ['a35e52a09f508fe6', 'f43d286d12845522']; context = [[14, 39], [91, 116]]; loss = 0.052142
train step 1370; scene = ['694c1768e5e9f5d8', '39f84480b6231105']; context = [[13, 38], [47, 72]]; loss = 0.043783
train step 1380; scene = ['0c7cb5d7206b8f56', 'c53e0b350f04f159']; context = [[249, 274], [64, 89]]; loss = 0.062196
train step 1390; scene = ['73d4487e58b6b6bd', '3101309753e2f063']; context = [[31, 56], [15, 40]]; loss = 0.063807
train step 1400; scene = ['664b592c447448de', 'c26b11aa4b27231b']; context = [[1, 26], [241, 266]]; loss = 0.078461
train step 1410; scene = ['18a0e78ac4572269', '16d832ffbb1e7932']; context = [[159, 184], [36, 61]]; loss = 0.089711
train step 1420; scene = ['1a29b32f5d1a544e', '5efdf7eab8eab687']; context = [[91, 116], [12, 37]]; loss = 0.063545
train step 1430; scene = ['0099afa1d37142f4', '2dc02dcd60cd893f']; context = [[36, 61], [126, 151]]; loss = 0.058438
train step 1440; scene = ['40d0d59dea80c743', '067ffc09a8292608']; context = [[60, 85], [92, 117]]; loss = 0.093637
train step 1450; scene = ['38ded62a41a339cc', '0296e319701adeab']; context = [[45, 70], [44, 69]]; loss = 0.058715
train step 1460; scene = ['792916e996ce2136', '170aa604df3784a0']; context = [[85, 110], [197, 222]]; loss = 0.055624
train step 1470; scene = ['510e05e121226e7c', 'da36186940ee1065']; context = [[5, 30], [13, 38]]; loss = 0.070239
train step 1480; scene = ['019cb5972c83b8b1', '0400ae2f8f9d11a4']; context = [[5, 30], [237, 262]]; loss = 0.069696
train step 1490; scene = ['9095922ae071f31a', '13c1203193cd28c1']; context = [[33, 58], [129, 154]]; loss = 0.083137
train step 1500; scene = ['11a0410061415599', '8a063a94cfe50aa1']; context = [[120, 145], [38, 63]]; loss = 0.059505
train step 1510; scene = ['ba301332e2986b17', '3a63f4b9d1be99b6']; context = [[63, 88], [50, 75]]; loss = 0.047798
train step 1520; scene = ['d81004f6cef35e48', '18f5aa065cd4b02a']; context = [[81, 106], [136, 161]]; loss = 0.060816
train step 1530; scene = ['61d389bddcbd9228', 'f8f81ce73652f17b']; context = [[2, 27], [156, 181]]; loss = 0.064819
train step 1540; scene = ['3828d5672fa97a61', 'a098e1d5715a4f8e']; context = [[5, 30], [6, 31]]; loss = 0.080804
train step 1550; scene = ['3a09916ab94d104a', 'fd1737c9d5f1cb37']; context = [[8, 33], [78, 103]]; loss = 0.045013
train step 1560; scene = ['7c48a30f23ea42c3', '6f9a3dfc789b9a51']; context = [[19, 44], [70, 95]]; loss = 0.051573
train step 1570; scene = ['641d16ca40351a9a', '3ca192a6f7bd3055']; context = [[34, 59], [43, 68]]; loss = 0.059050
train step 1580; scene = ['15ffcb0d0b755cd4', 'e83ecbac7208136a']; context = [[27, 52], [229, 254]]; loss = 0.077359
train step 1590; scene = ['20f26238dcf6585f', '894851ce05febce5']; context = [[23, 48], [63, 88]]; loss = 0.054550
train step 1600; scene = ['7a1a5b280aeed1d1', 'a2f534dd3e493ce8']; context = [[183, 208], [41, 66]]; loss = 0.075755
train step 1610; scene = ['a7957a1e2b7ad909', '4a0f95a3db913b56']; context = [[19, 44], [182, 207]]; loss = 0.045724
train step 1620; scene = ['f7eb7dd4073a1301', 'b8d3bc1a15392e95']; context = [[127, 152], [118, 143]]; loss = 0.062925
train step 1630; scene = ['98fe65e85f1a7b05', '3172fc3016b29bc7']; context = [[82, 107], [26, 51]]; loss = 0.062083
train step 1640; scene = ['b63f74a469ec8316', '9c500c3d949c224e']; context = [[174, 199], [3, 28]]; loss = 0.062471
train step 1650; scene = ['e793aa73b39e0b97', 'b014023dfb2ea9fe']; context = [[178, 203], [219, 244]]; loss = 0.048296
train step 1660; scene = ['4d32322df2d07217', '901d6f8cb3b8db83']; context = [[8, 33], [54, 79]]; loss = 0.053311
train step 1670; scene = ['9846c25ea4dc9cd1', 'd07e2d916d33a212']; context = [[74, 99], [127, 152]]; loss = 0.049809
train step 1680; scene = ['0a94493d6f4cd4be', '66ae84fb53b12759']; context = [[90, 115], [30, 55]]; loss = 0.082220
train step 1690; scene = ['8dcb65a86df04796', 'f7fc315b2c2ab371']; context = [[45, 70], [48, 73]]; loss = 0.050091
train step 1700; scene = ['aa2952a523546771', '7d9622491e2e478d']; context = [[49, 74], [50, 75]]; loss = 0.062686
train step 1710; scene = ['c4daa0de6e41c4d9', 'e3d66ec0999d7a5b']; context = [[29, 54], [5, 30]]; loss = 0.054357
train step 1720; scene = ['95149921755fb6a2', '70b45bbd1147fbf0']; context = [[155, 180], [86, 111]]; loss = 0.054624
train step 1730; scene = ['d5f11c320ee101a1', 'd02327b51b3bad30']; context = [[29, 54], [22, 47]]; loss = 0.050348
train step 1740; scene = ['360253c55aef692f', 'ef29fa8744b856ff']; context = [[6, 31], [14, 39]]; loss = 0.048935
train step 1750; scene = ['8618897f9ed81371', '3b9732c40a25acec']; context = [[20, 45], [52, 77]]; loss = 0.063467
train step 1760; scene = ['0f66c9d3be156d56', 'f26e8a72f69b6153']; context = [[185, 210], [193, 218]]; loss = 0.052532
train step 1770; scene = ['1abf36239905e550', '8ec0a9b3826040ff']; context = [[6, 31], [131, 156]]; loss = 0.080117
train step 1780; scene = ['78b83f9c9174e8cc', 'b7003ac834dc298b']; context = [[143, 168], [32, 57]]; loss = 0.065313
train step 1790; scene = ['bd8103bcb04d32e1', '895fe07be01436f1']; context = [[15, 40], [20, 45]]; loss = 0.049466
train step 1800; scene = ['f5931cc439781222', 'd9046310390dcaf3']; context = [[26, 51], [7, 32]]; loss = 0.051919
train step 1810; scene = ['0f6bd079d46bebe9', 'b7f9c567a87b7c9f']; context = [[84, 109], [77, 102]]; loss = 0.060221
train step 1820; scene = ['039caa34feafb797', 'f5799d1307c6c38e']; context = [[34, 59], [4, 29]]; loss = 0.059843
train step 1830; scene = ['6db959f1787dd868', '9f622f50132c1efe']; context = [[66, 91], [161, 186]]; loss = 0.042819
train step 1840; scene = ['4691807a2eeea596', '737c0cfa31a65787']; context = [[31, 56], [115, 140]]; loss = 0.053585
train step 1850; scene = ['31907a6ebec6ef2e', 'f1d926a3302e8534']; context = [[119, 144], [106, 131]]; loss = 0.046912
train step 1860; scene = ['11e2d9eec65ec014', '0666c63c6c8d6a9b']; context = [[22, 47], [110, 135]]; loss = 0.078423
train step 1870; scene = ['895396d4ceaee46d', '10ebe1515b68ea7b']; context = [[0, 25], [34, 59]]; loss = 0.065049
train step 1880; scene = ['21853a08631ca99a', 'a3c6d1f4685486a9']; context = [[17, 42], [195, 220]]; loss = 0.045286
train step 1890; scene = ['7c1ff645cdd0bddf', 'c365ab51c29c0f47']; context = [[12, 37], [95, 120]]; loss = 0.047161
train step 1900; scene = ['294bfa0dd8a9eada', 'b82e83463bf4475d']; context = [[72, 97], [114, 139]]; loss = 0.065891
train step 1910; scene = ['ce881544bc55711f', '8f4f366720645ea0']; context = [[98, 123], [75, 100]]; loss = 0.052436
train step 1920; scene = ['2fea2eddb904396a', '04f105ada75a23a5']; context = [[113, 138], [26, 51]]; loss = 0.051042
train step 1930; scene = ['237a036ffe6be614', '5ea4cb2ff1498203']; context = [[0, 25], [45, 70]]; loss = nan
train step 1940; scene = ['c66103cf29564bcb', 'f70ae846db4fddda']; context = [[12, 37], [45, 70]]; loss = 0.044892
train step 1950; scene = ['9aa06b976e5ab9a0', '2a7384bdd4ba6392']; context = [[32, 57], [38, 63]]; loss = 0.046675
train step 1960; scene = ['549c40ea8ce3038c', '1a9d2048f2180079']; context = [[26, 51], [32, 57]]; loss = 0.044653
train step 1970; scene = ['0bc6493c5c657689', '2b2764a215bc1d1e']; context = [[13, 38], [132, 157]]; loss = 0.075146
train step 1980; scene = ['11e361b5284ffea7', '6767915b8c05dbf6']; context = [[87, 112], [42, 67]]; loss = 0.060155
train step 1990; scene = ['7c54b9216f866d14', '7f5aa79ec2e823ad']; context = [[56, 81], [18, 43]]; loss = 0.059946
[2025-05-24 18:28:03,731][py.warnings][WARNING] - /cluster/project/cvg/students/mv-nopo/noposplat-env/lib/python3.10/site-packages/torch/optim/lr_scheduler.py:149: UserWarning: The epoch parameter in `scheduler.step()` was not necessary and is being deprecated where possible. Please use `scheduler.step()` to step the scheduler. During the deprecation, if epoch is different from None, the closed form is used instead of the new chainable form, where available. Please open an issue if you are unable to replicate your use case: https://github.com/pytorch/pytorch/issues/new/choose.
  warnings.warn(EPOCH_DEPRECATION_WARNING, UserWarning)

validation step 2000; scene = ['49b8f80c849dc341']; context = [[62, 87]]
train step 2000; scene = ['743aeff3f7e73f85', 'f47ef501676c8d55']; context = [[38, 63], [2, 27]]; loss = 0.063450
train step 2010; scene = ['70552ece4fc68517', '02d0ad66e1043e20']; context = [[126, 151], [85, 110]]; loss = 0.037848
train step 2020; scene = ['02c39509dcd964e8', '6df08dcd841c4b9b']; context = [[27, 52], [16, 41]]; loss = 0.067660
train step 2030; scene = ['6eab0e0fac67fbeb', 'dc83f0049473cb5c']; context = [[0, 25], [37, 62]]; loss = 0.100266
train step 2040; scene = ['354fc2b21c55d876', 'bd65a22a1e0afab9']; context = [[3, 28], [8, 33]]; loss = 0.044276
train step 2050; scene = ['9de33e466a02ea23', '2405f8024d2d8efa']; context = [[11, 36], [14, 39]]; loss = 0.053115
train step 2060; scene = ['ab11edbcde7de99d', 'b818d1ecf495afe1']; context = [[59, 84], [13, 38]]; loss = 0.076559
train step 2070; scene = ['a5024f16e04e4c89', '13e771bcd1f459b0']; context = [[62, 87], [110, 135]]; loss = 0.059252
train step 2080; scene = ['569d898f7a0c0f43', '7e038ad56d73e6bd']; context = [[5, 30], [26, 51]]; loss = 0.043061
train step 2090; scene = ['a07cd9102956df5c', '384a13e1cf19daaf']; context = [[69, 94], [94, 119]]; loss = 0.067876
train step 2100; scene = ['a76159f46f60d60a', 'bdfe47d84d96f14e']; context = [[16, 41], [57, 82]]; loss = 0.046033
train step 2110; scene = ['7a80b84436ec23e9', '2f959a0bf6c043a9']; context = [[166, 191], [8, 33]]; loss = 0.068265
train step 2120; scene = ['865f1084bb5394ac', 'f0ec6fde32d852f4']; context = [[9, 34], [31, 56]]; loss = 0.044611
train step 2130; scene = ['fe86d8ea3e0d4c7e', '72ba04bcd23b41a7']; context = [[7, 32], [37, 62]]; loss = 0.088644
train step 2140; scene = ['d1ff1c0259b8c632', 'e66faed3dc12da63']; context = [[26, 51], [1, 26]]; loss = 0.073137
train step 2150; scene = ['01d0d2b4aa40236b', 'b04d1d608f54d91a']; context = [[27, 52], [62, 87]]; loss = 0.077357
train step 2160; scene = ['a8709bf81573fb64', '49ef7588653748a5']; context = [[196, 221], [123, 148]]; loss = 0.070612
train step 2170; scene = ['0ea34d96c88e77b8', 'b1c505350a76d200']; context = [[32, 57], [29, 54]]; loss = 0.054580
train step 2180; scene = ['191f33c96812c34d', '903133b737740df6']; context = [[29, 54], [30, 55]]; loss = 0.091952
train step 2190; scene = ['49905e5c42e7463b', 'e49ae09c86374272']; context = [[196, 221], [219, 244]]; loss = 0.056586
train step 2200; scene = ['664ad76c825a89a4', '6800182ce64325f0']; context = [[6, 31], [146, 171]]; loss = 0.045858
train step 2210; scene = ['43668ae8f0e517be', 'e1b0771ca0e3df03']; context = [[67, 92], [61, 86]]; loss = 0.060021
train step 2220; scene = ['c5c50c5ff5b32b78', 'dd665e67067d7bae']; context = [[27, 52], [29, 54]]; loss = 0.082581
train step 2230; scene = ['667babf0fad704e2', 'e266859a380b328e']; context = [[82, 107], [50, 75]]; loss = 0.053913
train step 2240; scene = ['59ec36ffb440b683', '99ad4342945c6cbe']; context = [[56, 81], [31, 56]]; loss = 0.061847
train step 2250; scene = ['b48b1adbf6c01e9f', 'fe2c764518e7a72a']; context = [[65, 90], [30, 55]]; loss = 0.067042
train step 2260; scene = ['20d5479b1b1262b3', '2c954aa634c62bca']; context = [[2, 27], [40, 65]]; loss = 0.062368
train step 2270; scene = ['84d8644226591c5c', 'e109bfa80c0a854d']; context = [[72, 97], [6, 31]]; loss = 0.065810
train step 2280; scene = ['d04532856be2ff76', '2c1b31dd1dd65324']; context = [[48, 73], [24, 49]]; loss = 0.062243
train step 2290; scene = ['2e55ab3c0ff07376', '051a0cef1ab97aa0']; context = [[92, 117], [8, 33]]; loss = 0.048411
train step 2300; scene = ['8f5cafebbed73dd0', 'b69e75125d8bc0a7']; context = [[0, 25], [53, 78]]; loss = 0.056558
train step 2310; scene = ['fcf9a0c5c0d420db', '0c687997b17e45a3']; context = [[49, 74], [62, 87]]; loss = 0.037233
train step 2320; scene = ['ae7636cbffdb1d35', '2ecfe92d63af8e8c']; context = [[7, 32], [40, 65]]; loss = 0.046576
train step 2330; scene = ['db3cb63b65678f61', '8d03c5755eac8d9e']; context = [[2, 28], [133, 158]]; loss = 0.048549
train step 2340; scene = ['54ae91584d0c5aa6', '7dfc994b1602c1b1']; context = [[48, 73], [41, 67]]; loss = 0.048633
train step 2350; scene = ['68e42cbc6dcfc725', 'a2e2c2e66db9a05c']; context = [[48, 74], [34, 60]]; loss = 0.039971
train step 2360; scene = ['6c2112a2af8f34ca', '4ad302dc5d512ba5']; context = [[14, 39], [20, 45]]; loss = 0.046257
train step 2370; scene = ['0f8ec16a7fee8ca4', '1942870da88e20ed']; context = [[29, 55], [192, 218]]; loss = 0.038783
train step 2380; scene = ['d245364fcccb1139', '1afd39e5280277bb']; context = [[14, 40], [73, 98]]; loss = 0.064306
train step 2390; scene = ['6f3834a9fcd65e03', '2e85576ff5afb399']; context = [[32, 57], [30, 56]]; loss = 0.062121
train step 2400; scene = ['4b2f6642fc295553', '87d64e0d263241ac']; context = [[16, 41], [195, 220]]; loss = 0.060867
train step 2410; scene = ['f427a711c9d913d7', '70a51dc88d4ff701']; context = [[29, 55], [66, 92]]; loss = 0.048722
train step 2420; scene = ['b061784000b19e43', '74ba959eb3b33654']; context = [[7, 33], [147, 172]]; loss = 0.047678
train step 2430; scene = ['5af820514cb6e04b', 'dfab3206eb0221fe']; context = [[3, 28], [68, 94]]; loss = 0.053993
train step 2440; scene = ['c5f4adc54e9698e4', '674e6f9d101f4061']; context = [[0, 26], [52, 78]]; loss = 0.054397
train step 2450; scene = ['2920d91267dab781', '7fc67d683924a022']; context = [[4, 29], [62, 87]]; loss = 0.050471
train step 2460; scene = ['dca6abb2225c1240', '4f4aac63ce0debee']; context = [[1, 27], [6, 31]]; loss = 0.039922
train step 2470; scene = ['2a7284b013df5506', 'b36caadc03478bf2']; context = [[17, 42], [3, 29]]; loss = 0.049014
train step 2480; scene = ['e897826c02fc4e95', 'c5b7258e5a3d9896']; context = [[190, 216], [21, 46]]; loss = 0.072305
train step 2490; scene = ['c2f2994c1329cf74', 'a5bbbc8bf57c2d39']; context = [[161, 187], [80, 106]]; loss = 0.048446
train step 2500; scene = ['cae0139a521aa052', 'a6cfed3142195b52']; context = [[80, 105], [92, 117]]; loss = 0.051095
train step 2510; scene = ['7482fbeeec49de2e', '91722db637b0c484']; context = [[19, 44], [28, 54]]; loss = 0.061344
train step 2520; scene = ['b28f52f3b7b8805d', 'b6003ebfad36a989']; context = [[243, 268], [54, 80]]; loss = 0.053146
train step 2530; scene = ['34c07d79a9633748', '43c8b84c6d075b62']; context = [[47, 72], [4, 30]]; loss = 0.057883
train step 2540; scene = ['686b949b3e4bf5fa', '67f9a1f1487f2ef0']; context = [[98, 123], [66, 91]]; loss = 0.040247
train step 2550; scene = ['200d9ecb37021957', '77f0316c73a1098f']; context = [[8, 34], [10, 35]]; loss = 0.055828
train step 2560; scene = ['96cb00ed5d745db8', 'bf0f4614e32aa403']; context = [[3, 29], [238, 263]]; loss = 0.063497
train step 2570; scene = ['3a444379f8c5e5c0', '4a08d8aa17ee55a3']; context = [[242, 268], [112, 138]]; loss = 0.051530
train step 2580; scene = ['cbc078aa6b6fd707', '8b9263af01b07969']; context = [[8, 33], [60, 85]]; loss = 0.059421
train step 2590; scene = ['7debdb126491a6f1', '3b0bd4a9c0b8b63a']; context = [[47, 72], [2, 27]]; loss = 0.047866
train step 2600; scene = ['476d0a5c62620693', '05edd0204e085deb']; context = [[23, 49], [51, 76]]; loss = 0.038080
train step 2610; scene = ['0dacfb6b0e2e7e77', 'f69c13c057282656']; context = [[5, 30], [87, 113]]; loss = 0.041267
train step 2620; scene = ['161dae1b062279f8', '4766a59534d8c3fa']; context = [[9, 34], [206, 232]]; loss = 0.063417
train step 2630; scene = ['282554ad95f2111f', 'e61efa08cd504fff']; context = [[220, 245], [43, 69]]; loss = 0.050419
train step 2640; scene = ['85abdea85f9965c7', 'cb95cf9b7735cf11']; context = [[30, 56], [13, 38]]; loss = 0.059371
train step 2650; scene = ['9903d3fe63d6a818', 'c68f15dd31feb2b8']; context = [[58, 83], [129, 154]]; loss = 0.036366
train step 2660; scene = ['76ea5de1390cea9c', 'b16abc4d67655cb5']; context = [[18, 43], [30, 56]]; loss = 0.062602
train step 2670; scene = ['ea749a795c180317', '486d913f10951048']; context = [[209, 234], [25, 50]]; loss = 0.053375
train step 2680; scene = ['45b4c059628b6f38', '74261e1b12d3c50e']; context = [[85, 110], [213, 239]]; loss = 0.045047
train step 2690; scene = ['a5755fb377071cda', '714c3dc97fac769a']; context = [[43, 69], [43, 68]]; loss = 0.066585
train step 2700; scene = ['6d61ad929ef27967', '636687c4e391e92f']; context = [[63, 89], [9, 35]]; loss = 0.045031
train step 2710; scene = ['57fea3ba60e21f7b', 'd3e34d281b05cfbd']; context = [[67, 92], [102, 128]]; loss = 0.053160
train step 2720; scene = ['27e6dbcd1a32e569', 'd386559a465dea9c']; context = [[10, 35], [107, 133]]; loss = 0.060081
train step 2730; scene = ['1ad53dc4573083e5', '00028da87cc5a4c4']; context = [[79, 104], [25, 51]]; loss = 0.056851
train step 2740; scene = ['160a5e836891dc9a', '8ec569a60a2574c4']; context = [[32, 57], [49, 75]]; loss = 0.042837
train step 2750; scene = ['7f39b66c5ce57597', '37f6486b9271ef81']; context = [[19, 44], [200, 226]]; loss = 0.057864
train step 2760; scene = ['caf101beca56c0cd', '8673faf0a9d48165']; context = [[113, 138], [76, 102]]; loss = 0.048209
train step 2770; scene = ['1b618cdc14c2610c', 'b54fe52843e0eae6']; context = [[8, 33], [19, 45]]; loss = 0.037386
train step 2780; scene = ['0e9fa8ac3375dc4e', 'bd0875bb6d870093']; context = [[22, 47], [122, 147]]; loss = 0.051698
train step 2790; scene = ['4835854d2ff182c1', 'e259ed73b7ee9dd1']; context = [[39, 64], [70, 95]]; loss = 0.047086
train step 2800; scene = ['d9743a1e2ccdbe4f', '3f2987707f148ae1']; context = [[17, 42], [1, 27]]; loss = 0.048497
train step 2810; scene = ['dd65f651f4c0fa9b', '500c86fbe171cbc6']; context = [[4, 29], [48, 74]]; loss = 0.067940
train step 2820; scene = ['d15af59d414280c5', '07d62dd06d7d3b10']; context = [[190, 216], [1, 27]]; loss = 0.052596
train step 2830; scene = ['31f94e14466e78a2', 'd5f691361f7bfb6a']; context = [[39, 65], [10, 35]]; loss = 0.041694
train step 2840; scene = ['c0f67af5cd34e8d8', '4fdcc9d5d5f7f1a9']; context = [[33, 59], [51, 77]]; loss = 0.054896
train step 2850; scene = ['470f6a9cdba0a1d5', '9087cdd4baa858d6']; context = [[141, 167], [27, 53]]; loss = 0.036388
train step 2860; scene = ['6d927b71b6530129', '44471b1ddc8a21a3']; context = [[80, 105], [42, 67]]; loss = 0.057742
train step 2870; scene = ['8a3447f3329d3d25', 'f9cc7615589b58bb']; context = [[139, 164], [5, 31]]; loss = 0.048268
train step 2880; scene = ['b267de3cdd779e75', '01e3b8d11d64a76c']; context = [[56, 81], [38, 63]]; loss = 0.038796
train step 2890; scene = ['72a3dac21cc5a55d', '7c95ece5379f4f34']; context = [[13, 38], [48, 74]]; loss = 0.073583
train step 2900; scene = ['97052983913580e1', '4380710fe040e93e']; context = [[12, 37], [164, 189]]; loss = 0.051363
train step 2910; scene = ['d6ef451e7daf67d7', '4af7dec0791abc1b']; context = [[18, 44], [80, 106]]; loss = 0.042184
train step 2920; scene = ['5f1214ba3a5c3ddb', 'f897471b84a227ac']; context = [[1, 26], [12, 37]]; loss = 0.050293
train step 2930; scene = ['05c99e2ea92b8896', '751bda281b666e56']; context = [[74, 99], [21, 47]]; loss = 0.039984
train step 2940; scene = ['57abed33a7c3652c', '7419ce7f5cb808ee']; context = [[106, 131], [99, 125]]; loss = 0.028525
train step 2950; scene = ['1f1f40b70eea9eef', '5f4184dd10762342']; context = [[248, 273], [36, 61]]; loss = 0.033080
train step 2960; scene = ['90e0d93ea176275f', '68c309d6d9f94887']; context = [[64, 90], [38, 64]]; loss = 0.043567
train step 2970; scene = ['fe50cfbbdd716600', '7f9fc192d813b6e0']; context = [[54, 80], [62, 88]]; loss = 0.053325
train step 2980; scene = ['3c3a350286d1a451', '9d3f195e8d854334']; context = [[47, 72], [49, 74]]; loss = 0.049685
train step 2990; scene = ['d1454dc9bcd62a01', 'c74e5cd0e4f75d20']; context = [[198, 224], [50, 76]]; loss = 0.036263
train step 3000; scene = ['729e1efcddd5058a', 'f938c6de686dd5e9']; context = [[61, 86], [34, 60]]; loss = 0.050705
train step 3010; scene = ['69930f56840795cc', 'cd5d12eb760f6c25']; context = [[45, 71], [79, 105]]; loss = 0.041701
train step 3020; scene = ['4ad22db306a103fa', 'c5cc50a8977ffece']; context = [[1, 27], [17, 42]]; loss = 0.036927
train step 3030; scene = ['619e553334b56ea6', '11885ded95a45f98']; context = [[147, 173], [128, 153]]; loss = 0.049324
train step 3040; scene = ['7cdafd4dd1e7898a', 'bf0d03380474d38a']; context = [[32, 58], [52, 77]]; loss = 0.064575
train step 3050; scene = ['19dbf45ccabba3ff', 'd9a44807f45c25ab']; context = [[107, 133], [140, 165]]; loss = 0.033538
train step 3060; scene = ['4c0d69aa9ebf814c', 'b988c3ed7749b74e']; context = [[92, 118], [208, 233]]; loss = 0.048696
train step 3070; scene = ['59afe8faa2f0f8fb', '43cba52b80f1a32d']; context = [[68, 93], [124, 150]]; loss = 0.057597
train step 3080; scene = ['9adb9e6bcc8d8860', 'd27737b6cefa4fac']; context = [[33, 58], [26, 52]]; loss = 0.033270
train step 3090; scene = ['53ce8007d1dae3d4', 'bb39eaf814bf4908']; context = [[12, 38], [86, 112]]; loss = 0.040322
train step 3100; scene = ['807a812350f25893', 'de3ccf8d3c418bef']; context = [[39, 64], [48, 73]]; loss = 0.046505
train step 3110; scene = ['6ac05296f40c0c95', 'ac4447521eaf9947']; context = [[82, 107], [48, 74]]; loss = 0.057313
train step 3120; scene = ['03d4213c72458935', '45de0f6aa929161a']; context = [[46, 71], [27, 52]]; loss = 0.053613
train step 3130; scene = ['41601cb8b08df70f', 'e091737fb4587aa5']; context = [[79, 105], [227, 252]]; loss = 0.040287
train step 3140; scene = ['b28a42fc48ba53d8', '7b84a9e2e7d8aa2c']; context = [[25, 50], [4, 29]]; loss = 0.066594
train step 3150; scene = ['03652b2d1542b406', 'd57c1c121c1968be']; context = [[68, 94], [38, 63]]; loss = 0.048248
train step 3160; scene = ['1287537f55d4a3d7', '3212cf76d090e171']; context = [[248, 273], [67, 92]]; loss = 0.045414
train step 3170; scene = ['61fbb526c33626fc', 'da500b24da7a495b']; context = [[104, 129], [35, 61]]; loss = 0.035531
train step 3180; scene = ['4dee60242f765922', '2571e8a5ec86f29a']; context = [[202, 228], [106, 131]]; loss = 0.070992
train step 3190; scene = ['1561723b1e3dee87', 'ad02cbda9391eb57']; context = [[2, 28], [41, 66]]; loss = 0.054758
train step 3200; scene = ['ba76ae55718c204b', '41c72cd693116118']; context = [[38, 64], [51, 76]]; loss = 0.042543
train step 3210; scene = ['cc45417d1c5dab8d', '8677be0fd77ef664']; context = [[20, 45], [24, 50]]; loss = 0.030730
train step 3220; scene = ['e8a30df5338f7643', '5fc08092336703da']; context = [[219, 245], [6, 31]]; loss = 0.041572
train step 3230; scene = ['962bb93ece5a86c7', '4f117cf79d58ccc2']; context = [[33, 59], [76, 101]]; loss = 0.063445
train step 3240; scene = ['fc65b4c09d843087', '3d8e8150800e5f60']; context = [[60, 86], [0, 25]]; loss = 0.071166
train step 3250; scene = ['f8d4bc69229fd857', '70a7c73ee0ff15cf']; context = [[65, 90], [77, 103]]; loss = 0.038311
train step 3260; scene = ['755d004e041d87d0', '51ed133e2971cb60']; context = [[67, 93], [14, 40]]; loss = 0.035414
train step 3270; scene = ['596df5ecda46e5f1', '9d5a2987d8c40f04']; context = [[29, 55], [76, 101]]; loss = 0.044638
train step 3280; scene = ['412f8a80f8206ea5', 'a11168f2dbc672f5']; context = [[15, 41], [75, 101]]; loss = 0.069089
train step 3290; scene = ['b1e3a12782402824', 'ea50226e563fa18f']; context = [[4, 29], [19, 44]]; loss = 0.055336
train step 3300; scene = ['01e96575f46391c8', 'd0e63520730f5afb']; context = [[5, 30], [189, 215]]; loss = 0.048448
train step 3310; scene = ['67e3c2f5fa57a159', '83fde523c371f3e7']; context = [[11, 36], [8, 33]]; loss = 0.055251
train step 3320; scene = ['8cee8bb5d346a385', 'd8e65ebaace36ae6']; context = [[39, 64], [4, 29]]; loss = 0.046711
train step 3330; scene = ['b4d6a33d16da0ae1', '3ea06f7d9ca5dff9']; context = [[37, 63], [35, 61]]; loss = 0.067645
train step 3340; scene = ['4e294d9c40943e46', '51b8b90afcdf9745']; context = [[22, 47], [56, 81]]; loss = 0.083510
train step 3350; scene = ['8dc59480f09acc94', 'b31239014a7a8acd']; context = [[18, 44], [33, 58]]; loss = 0.042378
train step 3360; scene = ['de9f63c728227b86', '09b9ac7cb6232d81']; context = [[187, 212], [31, 57]]; loss = 0.047011
train step 3370; scene = ['67b559f9126c60be', 'd6d5cc5c3344fca5']; context = [[58, 84], [143, 169]]; loss = 0.051968
train step 3380; scene = ['894324a48983f33d', 'c94d226b402bb584']; context = [[84, 109], [10, 35]]; loss = 0.056865
train step 3390; scene = ['e99e4a230005fefa', '8e1f97d8a91169b8']; context = [[64, 89], [86, 111]]; loss = 0.044304
train step 3400; scene = ['7e50e4e8c212d948', 'a1d3465ad97fb1db']; context = [[139, 164], [33, 59]]; loss = 0.040623
train step 3410; scene = ['18da6c73b59a3d9c', '7ae0bad2e96fc0df']; context = [[45, 70], [1, 26]]; loss = 0.048484
train step 3420; scene = ['c7c758e7c2bae0e8', '28bfe85ca61fb024']; context = [[29, 55], [95, 120]]; loss = 0.040136
train step 3430; scene = ['86dcb18aa5732bf9', 'ef9a9a9d9f9d48d8']; context = [[36, 61], [16, 42]]; loss = 0.033430
train step 3440; scene = ['8ce50844cac30a9b', '872c81315122fce4']; context = [[39, 64], [145, 171]]; loss = 0.056601
train step 3450; scene = ['0956329fc4d362a7', 'd8e1f8ca9a8f6d75']; context = [[34, 59], [21, 46]]; loss = 0.056790
train step 3460; scene = ['71eb4467bf241478', '5d6afe2e0975c16b']; context = [[45, 71], [10, 36]]; loss = 0.039482
train step 3470; scene = ['fd5aa11dc66a75c3', 'b1567f860f304a96']; context = [[22, 48], [3, 29]]; loss = 0.047334
train step 3480; scene = ['9ab9a834066a3287', 'cd6c21656a85e9b9']; context = [[34, 60], [16, 42]]; loss = 0.049439
train step 3490; scene = ['d5b845bbe77ba09a', '79152a348ad56998']; context = [[109, 135], [26, 52]]; loss = 0.047806
train step 3500; scene = ['b94b0dfc088e9015', '7ec939e259cc48f3']; context = [[149, 175], [3, 28]]; loss = 0.047575
train step 3510; scene = ['d966e7c0739c36a8', '2a5388604c40e212']; context = [[33, 58], [26, 52]]; loss = 0.078988
train step 3520; scene = ['d3aa865d26ebaa1a', '57c7523b07096917']; context = [[90, 115], [36, 62]]; loss = 0.032733
train step 3530; scene = ['0bbbbaae12946888', 'df6b4cff955d356e']; context = [[10, 35], [1, 27]]; loss = 0.058381
train step 3540; scene = ['c205af61996dbdcd', 'b1d6229612a04f49']; context = [[44, 70], [8, 33]]; loss = 0.058496
train step 3550; scene = ['778b53f63b254ece', '870ccca35d4ff751']; context = [[96, 122], [0, 25]]; loss = 0.052535
train step 3560; scene = ['9b8641a671477a0b', 'a32fc3de0b32b930']; context = [[39, 64], [54, 80]]; loss = 0.063061
train step 3570; scene = ['0289cb22f867136d', '9bd74bbfea66a57f']; context = [[72, 97], [17, 43]]; loss = 0.035737
train step 3580; scene = ['03dff49783e3e29a', 'cd30b082ae6fc960']; context = [[12, 37], [46, 72]]; loss = 0.035237
train step 3590; scene = ['0284a77587f91afb', '169e9f69b67f340b']; context = [[3, 29], [9, 35]]; loss = 0.051727
train step 3600; scene = ['4ed4de63f50502a7', 'a13d6561db213baa']; context = [[13, 38], [5, 30]]; loss = 0.062582
train step 3610; scene = ['84caf9b231f3bcdc', '715278508e2bb13c']; context = [[64, 90], [9, 35]]; loss = 0.063829
train step 3620; scene = ['3a93864c87776b40', '3e1333cca3b7486b']; context = [[20, 46], [28, 53]]; loss = 0.044499
train step 3630; scene = ['c4ff645e87ef2f34', 'c0e52f2c57ba518c']; context = [[9, 34], [101, 126]]; loss = 0.046901
train step 3640; scene = ['e38dc8ea8cc6a43c', 'ca125d684e6771b4']; context = [[0, 25], [47, 72]]; loss = 0.039870
train step 3650; scene = ['d85a5d0186a2e947', '0c915dbc5d322181']; context = [[11, 36], [94, 120]]; loss = 0.072307
train step 3660; scene = ['e4879d0469c9d6d8', '55f3267a7537c406']; context = [[20, 45], [10, 35]]; loss = 0.041114
train step 3670; scene = ['470dc27c2123d25a', '11827934784df547']; context = [[75, 100], [2, 28]]; loss = 0.052165
train step 3680; scene = ['aff09937b9aceadd', 'bad1a69d62e89438']; context = [[0, 25], [61, 87]]; loss = 0.048451
train step 3690; scene = ['dad3fa29c9da9853', 'ce638637eab9cbb2']; context = [[1, 27], [25, 51]]; loss = 0.037996
train step 3700; scene = ['78301054a4e470d3', '29a5e76da0fe508e']; context = [[11, 36], [20, 45]]; loss = 0.042554
train step 3710; scene = ['b34dd66d4d3ce335', '84f1b2387fb4ed36']; context = [[38, 64], [56, 81]]; loss = 0.052071
train step 3720; scene = ['5fe1301a8bc87948', '5a6823ae4e594da6']; context = [[26, 51], [77, 102]]; loss = 0.059177
train step 3730; scene = ['9620840e96b2d2b6', '24f290d5a56f7558']; context = [[73, 98], [4, 29]]; loss = 0.031112
train step 3740; scene = ['ffca6daf0a0a6483', '0a573734d65d7227']; context = [[15, 41], [57, 82]]; loss = 0.042155
train step 3750; scene = ['5d3f0ed6928762de', '3ab45b6c5ab921e2']; context = [[32, 57], [112, 138]]; loss = 0.045162
train step 3760; scene = ['3f3f4045bd24d60b', '34c8c62d878eca66']; context = [[34, 59], [44, 70]]; loss = 0.040162
train step 3770; scene = ['f7dbc855fd2a7669', '79de3ddc432ed0bf']; context = [[55, 81], [156, 182]]; loss = 0.046897
train step 3780; scene = ['9ac3336c0601d0c8', '1258cd4602356ce2']; context = [[68, 94], [103, 129]]; loss = 0.044049
train step 3790; scene = ['9ed114875c016678', '759b3a54aa86ba90']; context = [[48, 73], [49, 74]]; loss = 0.033761
train step 3800; scene = ['3d0b42f411e153b2', '25aa9067f42c7d07']; context = [[45, 70], [4, 30]]; loss = 0.034303
train step 3810; scene = ['e8ab766619331d3b', 'e82133b7484e9dee']; context = [[13, 39], [63, 89]]; loss = 0.053593
train step 3820; scene = ['54c7f3ad5c9f46c2', 'a5f125662576269b']; context = [[18, 43], [62, 87]]; loss = 0.027407
train step 3830; scene = ['c2b88667c45d9508', '43017fb4aed6625f']; context = [[55, 80], [60, 85]]; loss = 0.031820
train step 3840; scene = ['876bb6275720b3bd', 'f255cb2332e122e3']; context = [[81, 106], [7, 32]]; loss = 0.046197
train step 3850; scene = ['eb971dec77a65942', '8e275c7036a72750']; context = [[86, 112], [39, 64]]; loss = 0.050664
train step 3860; scene = ['cc375304e2e198e9', 'e9aeda15b7117ce1']; context = [[181, 207], [63, 88]]; loss = 0.027413
train step 3870; scene = ['18b42abc37807ecd', 'aa2cf801dfa8ef00']; context = [[214, 240], [5, 31]]; loss = 0.034149
train step 3880; scene = ['f83aad93553a1fe3', '81be8d1f05e32e8c']; context = [[56, 81], [183, 208]]; loss = 0.042982
train step 3890; scene = ['dcb8ad3a1428b56b', '71a56f5379e2f975']; context = [[18, 43], [154, 179]]; loss = 0.044126
train step 3900; scene = ['f38c1529a41cacc4', '1091902caff03514']; context = [[27, 52], [150, 175]]; loss = 0.058160
train step 3910; scene = ['9808d034c6fe86e2', 'fa8b2ee0f22990e3']; context = [[99, 124], [40, 66]]; loss = 0.052903
train step 3920; scene = ['57ae814856a6397f', '0edc056163c75278']; context = [[23, 48], [109, 134]]; loss = 0.043235
train step 3930; scene = ['ead46a318c2acc92', '7e7f5feb008dd9fb']; context = [[18, 43], [8, 34]]; loss = 0.047820
train step 3940; scene = ['cdae593ed94dafc2', '95d287ebdaa17537']; context = [[12, 37], [24, 49]]; loss = 0.073275
train step 3950; scene = ['b2d281a2a3be0076', '6cbd015b79bdb917']; context = [[184, 210], [95, 121]]; loss = 0.045353
train step 3960; scene = ['5435e53721106caa', '7a6718d2b81f0f64']; context = [[115, 141], [9, 35]]; loss = 0.028118
train step 3970; scene = ['983efe783b37d558', '5ef0cef4ba4129e2']; context = [[35, 60], [40, 66]]; loss = 0.047699
train step 3980; scene = ['99917f8ee9466e9a', '83779fad9d14971e']; context = [[65, 90], [19, 45]]; loss = 0.039867
train step 3990; scene = ['ddbdf4c03a9937a0', '870427fbf621cb0e']; context = [[65, 90], [42, 67]]; loss = 0.031823
validation step 4000; scene = ['73d6f935f31b3fd4']; context = [[45, 71]]
train step 4000; scene = ['9932456c01feb34e', '1ae55eaa9c1fa1bc']; context = [[65, 90], [97, 123]]; loss = 0.053884
train step 4010; scene = ['7145f0cd808fb217', 'b1d41b0a47dc80f1']; context = [[7, 32], [30, 56]]; loss = 0.043790
train step 4020; scene = ['ca0d036a244c4e92', '3dde1b712c3b37a5']; context = [[26, 52], [15, 40]]; loss = 0.033524
train step 4030; scene = ['824c1c262eae6e13', '5f47b4f31b346a17']; context = [[19, 45], [90, 116]]; loss = 0.048027
train step 4040; scene = ['6dc5657f790a7afe', '5240c4c921e861cd']; context = [[0, 25], [3, 28]]; loss = 0.056738
train step 4050; scene = ['fbd4d65ad5fc4494', '2ebf7ae583b81075']; context = [[108, 133], [0, 26]]; loss = 0.042772
train step 4060; scene = ['11233628023da8b6', '92ecea59a68d3818']; context = [[5, 31], [16, 41]]; loss = 0.057707
train step 4070; scene = ['177375702f643304', 'ed9409fa128e193b']; context = [[60, 86], [97, 122]]; loss = 0.056900
train step 4080; scene = ['57520a34789bd5d8', 'b9041f3866054b98']; context = [[74, 99], [56, 82]]; loss = 0.036506
train step 4090; scene = ['4d655faf3d2c5164', '81b8e2c025138e36']; context = [[17, 42], [44, 69]]; loss = 0.042132
train step 4100; scene = ['13dbf8438210c6a7', 'c3e0b48fef15e414']; context = [[82, 108], [45, 71]]; loss = 0.043432
train step 4110; scene = ['f75fa1cf12b0b9a8', '96c1b25253005816']; context = [[9, 35], [82, 107]]; loss = 0.035357
train step 4120; scene = ['286e4261f2d7a0f2', '6487b73983851b5d']; context = [[0, 26], [197, 222]]; loss = 0.063145
train step 4130; scene = ['2f073899e03ce548', 'e41b102e225468ed']; context = [[38, 63], [18, 43]]; loss = 0.045247
train step 4140; scene = ['f92822c0d3bf14c2', '5c1f54b5fda084e4']; context = [[74, 100], [223, 249]]; loss = 0.042150
train step 4150; scene = ['d02fee3a4d2fc50c', 'd74d97ede645d0e9']; context = [[23, 48], [31, 57]]; loss = 0.038380
train step 4160; scene = ['61abdc0b0ffc4286', '1618aba66b56ab93']; context = [[65, 90], [185, 211]]; loss = 0.056972
train step 4170; scene = ['423fb23a46b7ad6e', '9589bf6c34437171']; context = [[6, 31], [41, 67]]; loss = 0.029529
train step 4180; scene = ['16149ec14b18ca2b', 'd281422330d41e4b']; context = [[242, 267], [9, 35]]; loss = 0.048085
train step 4190; scene = ['705be65c924cf493', 'bf5769b070b5af9f']; context = [[46, 72], [43, 68]]; loss = 0.033127
train step 4200; scene = ['427dbba2f4ddb5ec', '43aa78470a1b84d1']; context = [[18, 44], [26, 51]]; loss = 0.047948
train step 4210; scene = ['8f9e37df3c8f6df5', 'eec9e36d5f2fc669']; context = [[6, 31], [25, 51]]; loss = 0.041128
train step 4220; scene = ['aa416065dac5210f', '3ae3d6916e0d963d']; context = [[21, 46], [57, 83]]; loss = 0.061593
train step 4230; scene = ['88a6790c97629d07', 'a02a9658551d219d']; context = [[39, 65], [25, 50]]; loss = 0.031531
train step 4240; scene = ['bcda92d7b2a2864d', 'cea3d842c3285c65']; context = [[9, 34], [22, 48]]; loss = 0.052971
train step 4250; scene = ['8868de3626699c63', '8a33699a05078861']; context = [[27, 52], [80, 105]]; loss = 0.040265
train step 4260; scene = ['1f74fa521c9ed662', 'c32dd4434795899d']; context = [[8, 34], [18, 44]]; loss = 0.044110
train step 4270; scene = ['a59dc16c6fa70e09', '3e1432574b8303d8']; context = [[69, 94], [10, 36]]; loss = 0.035557
train step 4280; scene = ['3eb310e32a94a792', 'acf1f7308fdf6c47']; context = [[1, 26], [2, 27]]; loss = 0.049727
train step 4290; scene = ['454413dbf186f1d2', 'b7cae4050f606087']; context = [[0, 25], [35, 61]]; loss = 0.036513
train step 4300; scene = ['8fbdd274e2aad712', '0b7b90f5257ba949']; context = [[18, 43], [2, 28]]; loss = 0.036570
train step 4310; scene = ['bdfbd3a1900ffa5b', '7f8ef9cdb57ba705']; context = [[12, 37], [22, 47]]; loss = 0.048729
train step 4320; scene = ['c8cd2a17fa470370', 'a06c5145c9419ec7']; context = [[0, 26], [72, 97]]; loss = 0.036193
train step 4330; scene = ['23f62714f8f083e3', '592c5f3839bd3b3c']; context = [[3, 28], [59, 84]]; loss = 0.050932
train step 4340; scene = ['71e0ca8b39e099cf', '481700de6e39bbfc']; context = [[24, 49], [65, 90]]; loss = 0.052755
train step 4350; scene = ['769783c83e98144d', '83d154863471b87c']; context = [[13, 39], [3, 29]]; loss = 0.040392
train step 4360; scene = ['d19b2171a8edd830', '0a4f09fb7ef429ad']; context = [[33, 59], [53, 79]]; loss = 0.151064
train step 4370; scene = ['3177e84ecef83f28', 'a30e8f30f010b35d']; context = [[39, 65], [44, 70]]; loss = 0.042431
train step 4380; scene = ['0189e5449d3efb7a', 'a5cc99f839975fc2']; context = [[19, 44], [27, 53]]; loss = 0.027234
train step 4390; scene = ['ecc88f03e2e5ef81', 'a00677410f377f66']; context = [[172, 197], [77, 102]]; loss = 0.047395
train step 4400; scene = ['5197f4fc56c524cb', 'e09ea18dc8f5e04e']; context = [[1, 26], [0, 25]]; loss = 0.038105
train step 4410; scene = ['1e1f780043733884', '4a1b8ea361ee8d3f']; context = [[7, 33], [30, 55]]; loss = 0.034956
train step 4420; scene = ['f7ddde2e3318692a', 'be3a68742dbe1610']; context = [[150, 176], [7, 33]]; loss = 0.063141
train step 4430; scene = ['79ed99e48b88be06', 'dddf255e4417171d']; context = [[57, 82], [94, 119]]; loss = 0.049945
train step 4440; scene = ['b12f64d6002ec745', 'c5e7242756e6bdfa']; context = [[127, 153], [43, 68]]; loss = 0.068588
train step 4450; scene = ['a971b3d4b654fcd6', 'c0ded55f01f2472c']; context = [[22, 47], [61, 87]]; loss = 0.034717
train step 4460; scene = ['6b69daf57ed94a08', '2ddce9853610d50f']; context = [[145, 171], [35, 60]]; loss = 0.032333
train step 4470; scene = ['2a93af38bd81ae80', 'be2aab55666bd321']; context = [[63, 88], [130, 156]]; loss = 0.032822
train step 4480; scene = ['cabc4dc6e589e3f4', 'efdff0388832c105']; context = [[12, 38], [76, 101]]; loss = 0.032366
train step 4490; scene = ['03e86c713a19368a', 'c8539a201de22003']; context = [[25, 51], [85, 111]]; loss = 0.040630
train step 4500; scene = ['725c476c16afec50', '4f41969b4c4007ce']; context = [[91, 116], [26, 52]]; loss = 0.032684
train step 4510; scene = ['68b7b35d7044c30a', '38d6a96206f7e229']; context = [[9, 35], [32, 58]]; loss = 0.047457
train step 4520; scene = ['6ba5219cfc2dcf6a', 'aebd9e8e84ef857f']; context = [[14, 40], [21, 47]]; loss = 0.048529
train step 4530; scene = ['3d482adab376b844', 'c55c2217e0012adb']; context = [[14, 40], [12, 38]]; loss = 0.040247
train step 4540; scene = ['6a188be5b1a27ed2', 'b42cfd929c43c488']; context = [[100, 125], [17, 42]]; loss = 0.026494
train step 4550; scene = ['33467eeac0c07e61', '072b481fada9e993']; context = [[159, 185], [0, 25]]; loss = 0.046950
train step 4560; scene = ['12228ffb8fab1ceb', '065c17a5291afe4f']; context = [[29, 54], [5, 31]]; loss = 0.038894
train step 4570; scene = ['3e50cacd15b4d885', 'cbd85f5287e4490f']; context = [[85, 111], [114, 140]]; loss = 0.047319
train step 4580; scene = ['73defeeacbffa502', 'fa957196fd3f3d44']; context = [[73, 98], [15, 41]]; loss = 0.037927
train step 4590; scene = ['b9c8b11a5063e930', '0fd39c0d034b543c']; context = [[30, 56], [9, 35]]; loss = 0.038377
train step 4600; scene = ['9eb8e7f262b10c23', '1352e11525407ad0']; context = [[56, 81], [18, 43]]; loss = 0.048065
train step 4610; scene = ['75fcc52ab87960c9', 'b01937cfd4e1a877']; context = [[36, 61], [43, 68]]; loss = 0.037344
train step 4620; scene = ['e6f06611137751ed', '6dfa5d8b449cfa29']; context = [[14, 39], [59, 85]]; loss = 0.028149
train step 4630; scene = ['01f39fc757f27d8c', 'ecb65156238cc6a9']; context = [[92, 119], [130, 156]]; loss = 0.037788
train step 4640; scene = ['eba95c607d128626', '2248dfd686c001dd']; context = [[0, 25], [40, 67]]; loss = 0.043786
train step 4650; scene = ['65b40c140ed34d82', 'b0b315d5e7bab965']; context = [[204, 229], [8, 33]]; loss = 0.048337
train step 4660; scene = ['4676d54100c9e75c', '46daead904901239']; context = [[227, 253], [51, 76]]; loss = 0.042977
train step 4670; scene = ['4a89bbba2234db55', '2c7204eaa40a2ee4']; context = [[16, 43], [243, 270]]; loss = 0.042438
train step 4680; scene = ['8252a11a943f64d7', '6aa5331858cf3a7e']; context = [[138, 165], [41, 67]]; loss = 0.034405
train step 4690; scene = ['16bbfe98372cfd8b', '9ad4d1d1ed4eb565']; context = [[2, 28], [48, 73]]; loss = 0.031871
train step 4700; scene = ['1cdf0de0c057ee6c', 'eb9c6d0de5a8d7b1']; context = [[66, 91], [12, 39]]; loss = 0.036851
train step 4710; scene = ['a2d98d79eb90487c', '794460d142973b66']; context = [[119, 144], [48, 74]]; loss = 0.034559
train step 4720; scene = ['c506d1287fc0bc4e', '6ba2f377a21c9425']; context = [[1, 28], [32, 57]]; loss = 0.040827
train step 4730; scene = ['cd081fcfcf314ef6', '18b2ec1fe22660c4']; context = [[91, 116], [20, 45]]; loss = 0.036597
train step 4740; scene = ['4367d08eaaa983f0', '8731e4f6291df835']; context = [[51, 76], [214, 241]]; loss = 0.034091
train step 4750; scene = ['33122f2f359ebf23', '062e3d6fa1404688']; context = [[23, 50], [47, 73]]; loss = 0.040407
train step 4760; scene = ['c6fa4e41f75c901c', 'f1a5f8d83353bec9']; context = [[70, 97], [6, 33]]; loss = 0.083223
train step 4770; scene = ['3c6ab7881589fb15', '2fad2aecc77f1f93']; context = [[22, 48], [5, 32]]; loss = 0.061976
train step 4780; scene = ['e2d87e16e404f4a5', '897f99d6944efe16']; context = [[6, 33], [79, 104]]; loss = 0.033632
train step 4790; scene = ['1f76a27914c5ceb5', '8a405f69466ad025']; context = [[42, 69], [170, 196]]; loss = 0.033236
train step 4800; scene = ['34423c7793827555', '694ab77e41cc7d03']; context = [[6, 31], [251, 278]]; loss = 0.032715
train step 4810; scene = ['4102f7e202592faa', 'bb3c42b6434a231e']; context = [[8, 34], [68, 93]]; loss = 0.050371
train step 4820; scene = ['43b39a6fba1f9169', '2718fcca65d2f1c3']; context = [[1, 28], [82, 107]]; loss = 0.043599
train step 4830; scene = ['113b44460ee86898', '2538a2039264fc12']; context = [[2, 28], [140, 166]]; loss = 0.049422
train step 4840; scene = ['b91dfcb3102d1482', 'e42929a5ac81d253']; context = [[38, 65], [99, 126]]; loss = 0.058020
train step 4850; scene = ['530aee7e4221e7de', '16aa4a9783317cb0']; context = [[43, 69], [33, 58]]; loss = 0.061629
train step 4860; scene = ['f103dbe8783265b4', '03ccd89f68dc8276']; context = [[108, 135], [203, 230]]; loss = 0.033005
train step 4870; scene = ['d9de6afff609db5e', '0c097b18870797b5']; context = [[66, 92], [92, 118]]; loss = 0.050497
train step 4880; scene = ['8b9f143e73d5affc', '8cee033ad88550f2']; context = [[0, 27], [51, 76]]; loss = 0.041646
train step 4890; scene = ['c8eec59d2fd27bc7', '20f4bf16c091cdb0']; context = [[110, 136], [157, 182]]; loss = 0.051718
train step 4900; scene = ['9ca69f6a964f02a4', '273828188c93adb4']; context = [[20, 47], [217, 243]]; loss = 0.047096
train step 4910; scene = ['e937b0dc0d4087c7', '6276ebdd8da3e8e8']; context = [[83, 110], [55, 82]]; loss = 0.045642
train step 4920; scene = ['eba16e2c6d32ed27', '7d8a6ad17acd0c91']; context = [[75, 101], [48, 75]]; loss = 0.037514
train step 4930; scene = ['8cb8c73ef19fd33d', 'b70def164b856c89']; context = [[14, 40], [6, 31]]; loss = 0.033913
train step 4940; scene = ['66a0773e8692d764', 'fe53ed83c38418f9']; context = [[26, 52], [11, 37]]; loss = 0.028244
train step 4950; scene = ['4a3564ac24e69988', '6a5eaf28db8fee7c']; context = [[5, 30], [36, 63]]; loss = 0.038069
train step 4960; scene = ['53d67e0708030be3', '8baf73d4c62c234f']; context = [[11, 38], [50, 75]]; loss = 0.057758
train step 4970; scene = ['d05500aa2ca8babc', '4d3c79cbb5f5c500']; context = [[73, 99], [49, 76]]; loss = 0.055716
train step 4980; scene = ['16b21617bc0ec95a', '3563d57b640d17a2']; context = [[35, 60], [62, 87]]; loss = 0.032278
train step 4990; scene = ['5d456713844a86b4', '5292e7c51d6b4aa5']; context = [[250, 277], [155, 182]]; loss = 0.036516
train step 5000; scene = ['25d442a8c161f603', 'f04f855a7935bf43']; context = [[163, 190], [74, 99]]; loss = 0.036394
train step 5010; scene = ['d6a80a9a0893f848', 'ab4d0b7e8c84e34a']; context = [[12, 38], [11, 36]]; loss = 0.049882
train step 5020; scene = ['024a79375f050210', '3437163da56c4061']; context = [[35, 60], [6, 33]]; loss = 0.038881
train step 5030; scene = ['244dbf1bd5bec33f', 'ae98ca5c162cc427']; context = [[0, 27], [230, 255]]; loss = 0.041664
train step 5040; scene = ['0284951ff54ee710', 'd4cc5c4887f72d3e']; context = [[2, 28], [176, 203]]; loss = 0.027806
train step 5050; scene = ['3758b996400d2c1b', 'bc060d48a36d78e0']; context = [[2, 27], [10, 35]]; loss = 0.052205
train step 5060; scene = ['2287dd9710bfcbb1', 'c35cc5f2832c6c1f']; context = [[26, 51], [2, 28]]; loss = 0.045386
train step 5070; scene = ['86d9acf576d8ec0b', '1e339189e5782868']; context = [[202, 227], [40, 65]]; loss = 0.043612
train step 5080; scene = ['954d57d0d07c04fe', 'cf3fa6c4bacc2e97']; context = [[67, 93], [24, 51]]; loss = 0.039946
train step 5090; scene = ['2535d1b64b03e1e7', '804c8a7e019f74c9']; context = [[32, 59], [181, 208]]; loss = 0.045347
train step 5100; scene = ['83c9baf5bbc941ee', '19b3dcdb5298d93e']; context = [[115, 142], [10, 35]]; loss = 0.033758
train step 5110; scene = ['a59e145c063f1ed7', '2be6cccb17d391dd']; context = [[53, 78], [21, 47]]; loss = 0.034920
train step 5120; scene = ['01c2018ab9fca9bb', '323caf2e6b7dce62']; context = [[17, 43], [25, 51]]; loss = 0.037844
train step 5130; scene = ['953260b64d3ddf51', '38dfa3cb46d88c71']; context = [[31, 58], [14, 41]]; loss = 0.034872
train step 5140; scene = ['e0f9634ac743f6e8', '109d95d5de8c2056']; context = [[98, 124], [56, 81]]; loss = 0.050706
train step 5150; scene = ['b49792086bdd15ee', 'f29d8ab49b08ce8d']; context = [[103, 129], [48, 74]]; loss = 0.045457
train step 5160; scene = ['eba83c298c398adf', '1c513ccee796a9a9']; context = [[205, 231], [0, 25]]; loss = 0.051940
train step 5170; scene = ['2aa9e62630f3acee', 'b2dd9639336d0fd6']; context = [[9, 36], [36, 61]]; loss = 0.047584
train step 5180; scene = ['bef13fccec3d60e0', '857c0388cfac577e']; context = [[104, 130], [1, 28]]; loss = 0.051721
train step 5190; scene = ['94208a3fb4d639a2', '696a8b0424f60c67']; context = [[50, 77], [57, 82]]; loss = 0.057958
train step 5200; scene = ['209340b412818760', '74a0bca59cceb577']; context = [[34, 60], [146, 171]]; loss = 0.057061
train step 5210; scene = ['8663906248d346cb', 'db9bc0ff275d4fbb']; context = [[189, 214], [105, 130]]; loss = 0.032664
train step 5220; scene = ['95d8bc250047b07b', 'c6d63a923255da1a']; context = [[130, 157], [106, 131]]; loss = 0.034830
train step 5230; scene = ['471727b63053034c', '746e147944928a14']; context = [[16, 41], [37, 62]]; loss = 0.043217
train step 5240; scene = ['594a53a4007ff3ee', 'd0348d9d77d5db6b']; context = [[29, 54], [25, 52]]; loss = 0.036709
train step 5250; scene = ['dbee8d73e5732008', '6a6aa6dcb1f34b33']; context = [[66, 92], [47, 73]]; loss = 0.034146
train step 5260; scene = ['57803617ea5ab7a4', 'e133356c306f9509']; context = [[23, 50], [6, 32]]; loss = 0.046093
train step 5270; scene = ['d307d393104be667', 'bfcc388041b60965']; context = [[128, 155], [123, 149]]; loss = 0.036740
train step 5280; scene = ['2fed64c174f5f350', 'bdc2a346d6dbf88e']; context = [[212, 239], [53, 78]]; loss = 0.042276
train step 5290; scene = ['0d2f9959a65cc24a', 'de9fec8ca2fd7942']; context = [[13, 39], [78, 104]]; loss = 0.054228
train step 5300; scene = ['58ec77029a3dc124', '5979f3317fc24cc5']; context = [[60, 86], [25, 51]]; loss = 0.057445
train step 5310; scene = ['11c1dce651050522', '0e312299aada689c']; context = [[215, 241], [88, 115]]; loss = 0.043894
train step 5320; scene = ['de7aa7d53bd63a7b', '111f2a26b60fd1e9']; context = [[77, 103], [15, 42]]; loss = 0.048756
train step 5330; scene = ['fb16c0606ca63a5a', '07a4dd9f55fb5a51']; context = [[53, 80], [15, 40]]; loss = 0.023461
train step 5340; scene = ['53b329172b71e22e', 'e39973a267fed33b']; context = [[79, 106], [49, 74]]; loss = 0.040575
train step 5350; scene = ['80f0b92d65aad85f', 'e2def0f395897d80']; context = [[153, 179], [29, 54]]; loss = 0.035568
train step 5360; scene = ['fb2fc136084bf16c', 'ed3419371f6b0b6b']; context = [[68, 93], [4, 30]]; loss = 0.029266
train step 5370; scene = ['c585bc10ea3693e9', '5029871af393f473']; context = [[60, 85], [6, 31]]; loss = 0.073067
train step 5380; scene = ['ec5058864932b759', '6450d8d5973c94f5']; context = [[151, 178], [1, 27]]; loss = 0.059142
train step 5390; scene = ['5190e7583e7c034a', 'f6751290bd44926a']; context = [[157, 183], [20, 46]]; loss = 0.034858
train step 5400; scene = ['1ccc8946d683d79c', '9bae213a2e0667da']; context = [[14, 41], [24, 50]]; loss = 0.073149
train step 5410; scene = ['516b59544d9c9086', 'da593472b1bbbb15']; context = [[9, 36], [39, 64]]; loss = 0.041264
train step 5420; scene = ['3169a93d40545f53', 'ed55991691ca8f5d']; context = [[1, 26], [188, 213]]; loss = 0.039175
train step 5430; scene = ['9d4bb6a040f3e82f', '72eb8a686de01af4']; context = [[242, 267], [240, 265]]; loss = 0.041290
train step 5440; scene = ['840a3d6dc27a4035', '195730230988fc0d']; context = [[119, 144], [89, 114]]; loss = 0.043864
train step 5450; scene = ['5403b2116cfcb7f4', '845fd245a93eff4f']; context = [[2, 28], [2, 28]]; loss = 0.040820
train step 5460; scene = ['a6ac7fcc20eacfbe', '8b5ec9064b23fe4a']; context = [[89, 115], [4, 31]]; loss = 0.030947
train step 5470; scene = ['6788ed95e8954ef6', 'd4c52bedd1f7f036']; context = [[21, 48], [16, 41]]; loss = 0.037660
train step 5480; scene = ['d7576649d0266727', '0d19a98df7f0d404']; context = [[3, 28], [64, 90]]; loss = 0.070345
train step 5490; scene = ['559322faba1bc893', 'b366130597863f05']; context = [[70, 97], [0, 25]]; loss = 0.045548
train step 5500; scene = ['bfb5e32d7a2589c7', '6e5216365c5fe309']; context = [[60, 85], [72, 99]]; loss = 0.037438
train step 5510; scene = ['ea6083f964b9cfff', '02ff8fdb53266725']; context = [[32, 59], [67, 93]]; loss = 0.029964
train step 5520; scene = ['79b01e4345584de7', 'b7f47dac8c0ae90b']; context = [[16, 43], [26, 52]]; loss = 0.034304
train step 5530; scene = ['d69433dbc6bfb765', '8a4818ab2308dba5']; context = [[50, 77], [16, 42]]; loss = 0.047375
train step 5540; scene = ['6fa213735bf0ea55', '191bb7605006678e']; context = [[123, 150], [34, 59]]; loss = 0.040351
train step 5550; scene = ['1484e9c4187a562d', '645567ee2438a9bf']; context = [[40, 67], [104, 129]]; loss = 0.029204
train step 5560; scene = ['47fe424d80ea8a47', '0c3be1d749038cbe']; context = [[65, 91], [91, 117]]; loss = 0.029873
train step 5570; scene = ['7eed2a3e13d9dd94', '0b2cc56f12f96e0f']; context = [[211, 237], [55, 81]]; loss = 0.078027
train step 5580; scene = ['296e4f16f7e5ea18', '8f0ecbead6dd6d79']; context = [[123, 149], [146, 173]]; loss = 0.035128
train step 5590; scene = ['55c031734f736a81', '417d5cf7c5509a8d']; context = [[76, 101], [28, 54]]; loss = 0.048545
train step 5600; scene = ['702b465575fb38f3', '71fc46b7729510b3']; context = [[20, 45], [14, 39]]; loss = 0.056325
train step 5610; scene = ['d0c4f62ff70c6daa', '6c88b2386f657f8a']; context = [[35, 62], [62, 88]]; loss = 0.045430
train step 5620; scene = ['c12ebeadd6439be1', 'e04b4e9d1434c051']; context = [[7, 34], [5, 32]]; loss = 0.024651
train step 5630; scene = ['6e6687bf44529106', '80b59942f390e232']; context = [[58, 85], [5, 31]]; loss = 0.034749
train step 5640; scene = ['1f76ce0b0c3995a5', 'c79e9ac3b6ae802a']; context = [[21, 46], [219, 245]]; loss = 0.039076
train step 5650; scene = ['bdd33fa56672326f', 'a6f288f683117a0a']; context = [[48, 74], [102, 128]]; loss = 0.035999
train step 5660; scene = ['a74868eb24abfcbf', 'bef65560c9569e26']; context = [[3, 28], [11, 36]]; loss = 0.049816
train step 5670; scene = ['8b0b551bb5fc559f', '51555d560a1c714d']; context = [[5, 30], [66, 93]]; loss = 0.041313
train step 5680; scene = ['6b80686260e18b3c', '8f4562de3344b971']; context = [[13, 38], [18, 43]]; loss = 0.033189
train step 5690; scene = ['4da4e150132bda01', 'b41375fbeec4b0d4']; context = [[7, 32], [10, 37]]; loss = 0.036567
train step 5700; scene = ['a6448c559e58efcd', '4e14d864d04b7c59']; context = [[17, 42], [12, 38]]; loss = 0.054902
train step 5710; scene = ['e3937eacadfb024a', 'a4d9a709d346c686']; context = [[10, 36], [74, 101]]; loss = 0.027238
train step 5720; scene = ['2a96abc90ad886ab', 'f39229faee053804']; context = [[49, 74], [3, 30]]; loss = 0.043844
train step 5730; scene = ['696e1d29b7f7be5f', '5b961a7f052e2962']; context = [[160, 187], [143, 168]]; loss = 0.030828
train step 5740; scene = ['06986030244ef46e', 'ba1f8b170d0e8724']; context = [[138, 165], [93, 118]]; loss = 0.042575
train step 5750; scene = ['fce83ce9fd901e10', '9b2ed1cbcfce0907']; context = [[98, 125], [65, 91]]; loss = 0.045957
train step 5760; scene = ['85fe0c9de56c57f0', '96ba7021396d44e5']; context = [[177, 202], [0, 26]]; loss = 0.048968
train step 5770; scene = ['684aaf7f7b29f34a', '6c72d78415cc37c8']; context = [[1, 27], [12, 38]]; loss = 0.041847
train step 5780; scene = ['1882e94056561f92', '655d58e10bea617e']; context = [[1, 28], [102, 127]]; loss = 0.034997
train step 5790; scene = ['b2460321a48015d6', '539c1964960f47cd']; context = [[31, 56], [140, 166]]; loss = 0.036575
train step 5800; scene = ['725cf32a819e9e70', '1df4a087ca57a288']; context = [[63, 88], [31, 56]]; loss = 0.039824
train step 5810; scene = ['a2c3934b695a1514', 'e1cdd73fcf663dff']; context = [[124, 149], [30, 55]]; loss = 0.030342
train step 5820; scene = ['4a2675dd01f283a4', 'd8579245a3d5ad76']; context = [[2, 29], [5, 31]]; loss = 0.044538
train step 5830; scene = ['aecc01b48165f467', 'feff16d3842dd1f2']; context = [[41, 68], [44, 69]]; loss = 0.033364
train step 5840; scene = ['9c4aac0b6fcee545', 'b8d2dd9546bbaeab']; context = [[110, 137], [37, 62]]; loss = 0.039976
train step 5850; scene = ['e3a5f86863dd4815', 'f4443bff45c3a48c']; context = [[30, 55], [48, 73]]; loss = 0.032128
train step 5860; scene = ['b0bcc4d7851c2772', 'f4cc46eb3e5b1ae2']; context = [[189, 214], [4, 29]]; loss = 0.035862
train step 5870; scene = ['1cbef069768557fc', '8f76cf20198943f9']; context = [[131, 157], [151, 178]]; loss = 0.039465
train step 5880; scene = ['19628f94fd6a344d', 'f31290cd79204332']; context = [[233, 258], [41, 68]]; loss = 0.037968
train step 5890; scene = ['4ec56d4d5fd32c0d', '44c921ca58ff288f']; context = [[35, 60], [141, 168]]; loss = 0.043280
train step 5900; scene = ['3b5a4918d9346cf5', '091c8797418a4568']; context = [[2, 28], [9, 34]]; loss = 0.041545
train step 5910; scene = ['b62afec79c91cf2a', 'a73f4bf6ce8b2a00']; context = [[1, 26], [25, 52]]; loss = 0.048435
train step 5920; scene = ['742eaf7317415c35', '4c94dc60ea4fc29e']; context = [[17, 42], [117, 144]]; loss = 0.044536
train step 5930; scene = ['0a55e2c3de6b1747', '3e35d64c3de4d110']; context = [[6, 31], [18, 44]]; loss = 0.030113
train step 5940; scene = ['accbf67c9f56fdd8', '7b1acd8b44eecea2']; context = [[36, 62], [15, 40]]; loss = 0.044787
train step 5950; scene = ['cf4db4931af5fbaa', '36f9057d4281450c']; context = [[3, 29], [132, 157]]; loss = 0.041847
train step 5960; scene = ['5a009a925d1f7941', '42f27dfdcce98b79']; context = [[162, 189], [11, 36]]; loss = 0.072144
train step 5970; scene = ['b24bbc29f7fcfdb4', 'b72297010722b6bc']; context = [[7, 32], [0, 26]]; loss = 0.050643
train step 5980; scene = ['2c92d1356e2db4b9', 'ba900a3e66766a7a']; context = [[42, 67], [34, 60]]; loss = 0.057436
train step 5990; scene = ['4df6563a6aa62cf6', '7fa96b7b1520c006']; context = [[154, 179], [2, 27]]; loss = 0.039969
validation step 6000; scene = ['91fda69e1cda4602']; context = [[67, 92]]
train step 6000; scene = ['484b4c48d5113593', 'cea25fc17ec9cf53']; context = [[3, 29], [32, 59]]; loss = 0.056206
train step 6010; scene = ['7159d6505aa199b0', 'c0866648804899eb']; context = [[87, 112], [16, 42]]; loss = 0.050389
train step 6020; scene = ['e94e8f250ad23b9e', 'fd7d7b9675f10665']; context = [[0, 27], [20, 47]]; loss = 0.035789
train step 6030; scene = ['88b6f20e674608f9', 'cf1839858ad5bb14']; context = [[78, 104], [38, 64]]; loss = 0.038537
train step 6040; scene = ['eba2d56e2f7d8c50', 'c201929c01543ff8']; context = [[0, 27], [171, 197]]; loss = 0.035863
train step 6050; scene = ['5b33a89aa20e7ced', '859a2913bcb60fd3']; context = [[9, 34], [1, 27]]; loss = 0.041469
train step 6060; scene = ['160a4170314cc404', '2ecba9802673be71']; context = [[62, 89], [87, 113]]; loss = 0.036749
train step 6070; scene = ['57720f1f24a2e27f', '505697452fa243f6']; context = [[22, 49], [71, 98]]; loss = 0.028153
train step 6080; scene = ['718964098658e7cd', '42b208082fce3bc2']; context = [[75, 101], [77, 102]]; loss = 0.080017
train step 6090; scene = ['e43706d840696cd5', 'd2f5efd93cab216f']; context = [[17, 43], [83, 110]]; loss = 0.024355
train step 6100; scene = ['24e703e0432f0f71', '28aca3078f3c8509']; context = [[35, 60], [87, 113]]; loss = 0.028437
train step 6110; scene = ['249f78d6d0b9f4a4', '538fac0821f2f815']; context = [[61, 88], [19, 46]]; loss = 0.029877
train step 6120; scene = ['8b4e816055908df8', '137ed94737d1a31f']; context = [[24, 50], [1, 27]]; loss = 0.031692
train step 6130; scene = ['b5e71c71a3b90d4a', '271e4b6a0ec3226c']; context = [[19, 44], [120, 145]]; loss = 0.039020
train step 6140; scene = ['db450308a34600fe', 'd1cf30010690655d']; context = [[146, 171], [125, 150]]; loss = 0.043277
train step 6150; scene = ['aec60a6dd8090690', 'd193f6e0589319f1']; context = [[208, 235], [8, 35]]; loss = 0.028683
train step 6160; scene = ['9be866e749e9cff2', '1ea909d3ecc032c8']; context = [[49, 76], [51, 78]]; loss = 0.046936
train step 6170; scene = ['8f19e30288126216', '5a66a30abe439c45']; context = [[56, 81], [51, 76]]; loss = 0.040304
train step 6180; scene = ['7f067b4823bd9a43', 'aa35d43e76151927']; context = [[78, 105], [7, 33]]; loss = 0.032068
train step 6190; scene = ['c22159ade727838b', '91b39681c4fc20ea']; context = [[18, 45], [34, 59]]; loss = 0.046724
train step 6200; scene = ['c00ec0b2644958d6', '15c35fa613711712']; context = [[28, 53], [18, 45]]; loss = 0.031790
train step 6210; scene = ['707654a8ca3aa0a7', '04214398e235259b']; context = [[134, 161], [58, 84]]; loss = 0.041719
train step 6220; scene = ['7101541e2e4954a0', 'd03638b6a5e9ea98']; context = [[98, 125], [11, 36]]; loss = 0.052436
train step 6230; scene = ['6c192765224f7d96', '58388d76b62c5fa1']; context = [[111, 138], [48, 73]]; loss = 0.039581
train step 6240; scene = ['f6ae17b2aa6cad52', 'b23f88ded1485280']; context = [[7, 32], [39, 66]]; loss = 0.037657
train step 6250; scene = ['2b6a1efe983fbb21', 'c8d451059ee45199']; context = [[15, 40], [4, 30]]; loss = 0.054825
train step 6260; scene = ['e310312ac1b4af0b', 'ae59cd17e5fe684f']; context = [[120, 145], [58, 84]]; loss = 0.026654
train step 6270; scene = ['80e81e341b65a870', '9c72bd16d6b22437']; context = [[139, 165], [53, 78]]; loss = 0.028744
train step 6280; scene = ['2c484e9510a83538', '20475261b8d3418d']; context = [[9, 36], [16, 42]]; loss = 0.036830
train step 6290; scene = ['0753ab556d54d1e7', '90b044454cba5609']; context = [[10, 35], [44, 69]]; loss = 0.050280
train step 6300; scene = ['4af1a22dbe5a4dd9', 'ce48d9a911def68d']; context = [[86, 112], [36, 63]]; loss = 0.036534
train step 6310; scene = ['34cec7098701f9bf', 'cac4ea27a99594e4']; context = [[4, 31], [63, 90]]; loss = 0.042348
train step 6320; scene = ['e845c007745a3bd4', '5c79f78b67226dc4']; context = [[77, 102], [24, 51]]; loss = 0.033093
train step 6330; scene = ['eb73f61840088d85', '0cb6c016d1847e2b']; context = [[75, 101], [22, 47]]; loss = 0.079108
train step 6340; scene = ['f3e027c7872d9ac9', 'd912a650b02ab2ff']; context = [[27, 53], [3, 29]]; loss = 0.032012
train step 6350; scene = ['164cc8f264b0aa63', '4d2198d0421457a3']; context = [[4, 29], [26, 52]]; loss = 0.045616
train step 6360; scene = ['61327ef41f3b72f1', '9c7c42260596ac3d']; context = [[4, 29], [39, 64]]; loss = 0.068745
train step 6370; scene = ['485cc5ecb84afd79', 'dd5f3dd699d98e69']; context = [[14, 39], [9, 34]]; loss = 0.041377
train step 6380; scene = ['a54873f89d266195', '5244830b7357365b']; context = [[4, 30], [43, 69]]; loss = 0.027923
train step 6390; scene = ['261c335db8f1a834', 'f7c3f0aa3c54ce54']; context = [[46, 71], [45, 70]]; loss = 0.036881
train step 6400; scene = ['a76c40c96098b63d', 'aac8d0a25bc8e61a']; context = [[127, 154], [74, 100]]; loss = 0.039346
train step 6410; scene = ['172173d0bf0c1fce', 'b4622e3dc1200f6e']; context = [[19, 46], [9, 36]]; loss = 0.036891
train step 6420; scene = ['db5e3b998bc94027', 'a52d26a78b04aebd']; context = [[105, 132], [69, 96]]; loss = 0.043794
train step 6430; scene = ['43dcad54760149f9', '60f7646b4fd77e78']; context = [[226, 251], [20, 46]]; loss = 0.032941
train step 6440; scene = ['85f1993d4382fc54', '972cc2a151ed4d35']; context = [[57, 82], [10, 36]]; loss = 0.039657
train step 6450; scene = ['2f261ec99e601af5', 'd005a2c5e04236b7']; context = [[24, 50], [76, 101]]; loss = 0.044882
train step 6460; scene = ['a02b07e50615b1c7', '54abe04a860be8ba']; context = [[22, 47], [40, 66]]; loss = 0.045282
train step 6470; scene = ['985a81850d13edfd', 'f6d7dc72b9906e1b']; context = [[99, 125], [41, 68]]; loss = 0.032926
train step 6480; scene = ['3a335491813084e0', 'f5bb66b3a04ac07a']; context = [[8, 34], [200, 225]]; loss = 0.033284
train step 6490; scene = ['6e68846b51a9b9a0', '5228a1b35d098521']; context = [[24, 50], [106, 133]]; loss = 0.055239
train step 6500; scene = ['c84c4db184037309', '7d597cedae289ee8']; context = [[10, 35], [27, 53]]; loss = 0.032731
train step 6510; scene = ['98f4fb126fa33a90', '59900f1fd9d060db']; context = [[2, 29], [87, 113]]; loss = 0.045719
train step 6520; scene = ['b74f6a5e30745f4a', '76bcd8986a0959e6']; context = [[0, 27], [6, 33]]; loss = 0.027075
train step 6530; scene = ['878a9cd31f4ad9f6', '5c4442779124ec3d']; context = [[220, 246], [230, 255]]; loss = 0.046209
train step 6540; scene = ['20efdeed1a62f8b3', 'ec55c7f51303baf0']; context = [[5, 30], [121, 146]]; loss = 0.045055
train step 6550; scene = ['ad65905845be5ea6', '0a4e5e726c134159']; context = [[18, 43], [0, 26]]; loss = 0.043144
train step 6560; scene = ['adf73db30b5dc7ff', '53700a49e8dbf513']; context = [[244, 269], [5, 32]]; loss = 0.055067
train step 6570; scene = ['66d7642a13034efc', 'dbe9c707338fbd7b']; context = [[8, 33], [11, 38]]; loss = 0.031501
train step 6580; scene = ['b80b9aba988d63cf', '680137d105e33753']; context = [[35, 60], [22, 49]]; loss = 0.043630
train step 6590; scene = ['b23cbee05407661d', 'd1a496112cee9a32']; context = [[123, 149], [59, 85]]; loss = 0.030211
train step 6600; scene = ['a78ee3b1ded8fece', '1640e4e58a627d17']; context = [[36, 61], [8, 35]]; loss = 0.048822
train step 6610; scene = ['3f185e89d01dc9a5', '97a2da18d56a9288']; context = [[26, 53], [33, 58]]; loss = 0.041459
train step 6620; scene = ['b4a46c5d2d8d0415', 'b6f65429632f92fa']; context = [[38, 63], [39, 66]]; loss = 0.029274
train step 6630; scene = ['31d6eff6e628395d', '187ba0d0c22f5aec']; context = [[153, 179], [1, 28]]; loss = 0.036111
train step 6640; scene = ['f6e6f484b06a6cd4', 'fb5e94258182b9d6']; context = [[35, 61], [44, 70]]; loss = 0.061320
train step 6650; scene = ['bb05ad97aa1e3538', 'a8a038198656c1f8']; context = [[12, 38], [4, 30]]; loss = 0.039420
train step 6660; scene = ['a83ae4893bffc943', 'a0cd40e7f1fb866b']; context = [[35, 60], [15, 42]]; loss = 0.036020
train step 6670; scene = ['e4768398f07dde24', 'f42f16681789b5b9']; context = [[40, 65], [13, 40]]; loss = 0.024898
train step 6680; scene = ['b389cb9c8558ecad', '42bf844c2c30f86a']; context = [[16, 42], [6, 33]]; loss = 0.032299
train step 6690; scene = ['ab1185dab9b6da5b', 'a54873f89d266195']; context = [[62, 89], [14, 40]]; loss = 0.030223
train step 6700; scene = ['202edd3a4f885db8', '4c067452588bb4bd']; context = [[35, 60], [19, 45]]; loss = 0.024211
train step 6710; scene = ['73e4f7d049224183', '936f945f8fd64928']; context = [[220, 247], [118, 144]]; loss = 0.042301
train step 6720; scene = ['a06f1c55096a6e49', '3304890162555f84']; context = [[6, 33], [60, 86]]; loss = 0.053436
train step 6730; scene = ['e70deb6f79ea3899', '2e2cce8b80bc8018']; context = [[13, 40], [6, 32]]; loss = 0.039793
train step 6740; scene = ['4cfe80ef620a560b', '7a01dc105832a420']; context = [[5, 32], [172, 199]]; loss = 0.028419
train step 6750; scene = ['cf00ac67878b87b8', '8bcb96a1a54fd517']; context = [[40, 67], [2, 29]]; loss = 0.032318
train step 6760; scene = ['9de9ba92e959e7de', 'c2a67e26647c1e9d']; context = [[15, 42], [87, 114]]; loss = 0.041689
train step 6770; scene = ['453d1ffe60d2b898', '61c0eb743201bf6d']; context = [[17, 43], [226, 252]]; loss = 0.054836
train step 6780; scene = ['9936a143ff82ae38', '4d3976b773ca97c3']; context = [[70, 97], [182, 207]]; loss = 0.030570
train step 6790; scene = ['23b084c9e1cdd885', '5ebfdb58f1c0f29c']; context = [[72, 97], [29, 54]]; loss = 0.062259
train step 6800; scene = ['d1ec8bd43d53a642', '32664782d26fd2e1']; context = [[27, 54], [148, 173]]; loss = 0.036734
train step 6810; scene = ['e1ff5262951d06fe', '3c324cb6c1167cce']; context = [[48, 75], [116, 141]]; loss = 0.031000
train step 6820; scene = ['dde838850ef18f77', 'e836296ed7a0fdf0']; context = [[15, 41], [33, 58]]; loss = 0.043830
train step 6830; scene = ['30c37f6c4677fb23', '8133e02814227215']; context = [[49, 76], [64, 90]]; loss = 0.036718
train step 6840; scene = ['dc97cad06b3c4678', '754778718a0d9321']; context = [[208, 234], [19, 45]]; loss = 0.021381
train step 6850; scene = ['2352dce87a236495', '1906549d361a19e6']; context = [[30, 55], [97, 124]]; loss = 0.029511
train step 6860; scene = ['9899ad035dd9c665', '4a30eb2a3d6546f5']; context = [[171, 196], [1, 26]]; loss = 0.046730
train step 6870; scene = ['3c1c6918bd9e957d', 'ae1c4103e81c6210']; context = [[28, 54], [128, 154]]; loss = 0.042022
train step 6880; scene = ['cd5b94f8cb32cc79', '77f590d17dc1650c']; context = [[4, 31], [14, 39]]; loss = 0.060353
train step 6890; scene = ['444b8d72e943c9ae', 'b4df20323da24411']; context = [[3, 29], [25, 52]]; loss = 0.040165
train step 6900; scene = ['54ae80e682751efa', '538cf5bc7ab8cb9e']; context = [[15, 41], [8, 34]]; loss = 0.048983
train step 6910; scene = ['a7dc48ebfac01369', '7858fe677913814a']; context = [[33, 60], [8, 33]]; loss = 0.056405
train step 6920; scene = ['d20934bff9f1298b', '225dbb89dbfdf8f8']; context = [[43, 68], [7, 32]]; loss = 0.042653
train step 6930; scene = ['f5216b60b45423ee', '775484920d4f3869']; context = [[197, 224], [98, 123]]; loss = 0.033969
train step 6940; scene = ['b06d31ad3cf3c91f', 'accb755285389002']; context = [[67, 93], [186, 214]]; loss = 0.044089
train step 6950; scene = ['f30010298b7cb86b', '61fb758f043a73cc']; context = [[121, 149], [124, 151]]; loss = 0.038485
train step 6960; scene = ['61223397c117f704', 'a220fcb74c49b472']; context = [[37, 63], [71, 99]]; loss = 0.032684
train step 6970; scene = ['85e4288441eccb23', 'f3eddf3f21377715']; context = [[110, 136], [3, 28]]; loss = 0.042073
train step 6980; scene = ['5343d2fd1ac864f8', '4f59b983441331c4']; context = [[111, 139], [35, 62]]; loss = 0.042598
train step 6990; scene = ['ad1e785a1f5b99bb', '58fa6e49067e669d']; context = [[104, 132], [11, 36]]; loss = 0.029902
train step 7000; scene = ['516080433c1fdba9', '45739d66bf8aa9d1']; context = [[143, 169], [61, 87]]; loss = 0.035485
train step 7010; scene = ['92ea8cb5f28d80d9', '64738f5c93012be2']; context = [[58, 85], [11, 39]]; loss = 0.025362
train step 7020; scene = ['c1440b721583301b', 'f542fb988f4db656']; context = [[165, 191], [33, 60]]; loss = 0.031532
train step 7030; scene = ['c49e167a84d72291', '69321bb9baefbdd1']; context = [[54, 80], [57, 84]]; loss = 0.032939
train step 7040; scene = ['9d47d4a28f90eed6', 'd0a37ee36c554b61']; context = [[2, 27], [173, 199]]; loss = 0.033397
train step 7050; scene = ['6a13585caa18b99d', '6f59c79a4b6cf619']; context = [[6, 34], [2, 27]]; loss = 0.042047
train step 7060; scene = ['98357a968617da0f', 'a8317f5de4f6f22a']; context = [[17, 45], [52, 79]]; loss = 0.047602
train step 7070; scene = ['1c1f9522b35b043b', 'f9eb8c2d022ce6e9']; context = [[75, 101], [17, 44]]; loss = 0.044512
train step 7080; scene = ['6b2d6d1f7647ee93', 'ffef52d59b658cc5']; context = [[69, 94], [46, 72]]; loss = 0.026710
train step 7090; scene = ['79ac8c1697071605', '5fb80ae92d0685a6']; context = [[16, 41], [13, 38]]; loss = 0.049792
train step 7100; scene = ['e5620782a3b16033', '454413dbf186f1d2']; context = [[0, 25], [8, 34]]; loss = 0.053235
train step 7110; scene = ['2e0974f13b85cce8', 'd29ac5d4f2c01cd8']; context = [[7, 35], [132, 159]]; loss = 0.040928
train step 7120; scene = ['773eaab0c764d745', '300272f7a17b746a']; context = [[34, 62], [52, 77]]; loss = 0.030441
train step 7130; scene = ['e6d10d8d551ed1b3', 'c3cdf7ffed793e44']; context = [[52, 78], [54, 79]]; loss = 0.041401
train step 7140; scene = ['c05ee4284b5cfe6e', 'a811b2ea79427e6a']; context = [[4, 30], [19, 47]]; loss = 0.036993
train step 7150; scene = ['7aedd2f74e750a45', '6e33e7372c9d4927']; context = [[19, 47], [31, 58]]; loss = 0.045988
train step 7160; scene = ['5c97b500db0da80d', 'fb6630f991c6d324']; context = [[39, 67], [62, 87]]; loss = 0.037307
train step 7170; scene = ['ff90a740279ff477', 'b3ae46c3cc599471']; context = [[71, 98], [36, 63]]; loss = 0.035395
train step 7180; scene = ['bd624da49f0d72a5', '2544ca0eb789f211']; context = [[174, 199], [61, 88]]; loss = 0.035981
train step 7190; scene = ['6bed54d7ef0b89d8', '826340ab765319e3']; context = [[14, 42], [41, 69]]; loss = 0.027756
train step 7200; scene = ['35a2c80839ed1a83', '8889a2be8a61f78f']; context = [[19, 47], [103, 128]]; loss = 0.038541
train step 7210; scene = ['1091902caff03514', '388b4a886ab03918']; context = [[165, 192], [31, 57]]; loss = 0.033495
train step 7220; scene = ['f8348bc0b56557d6', 'a976734f8647a289']; context = [[1, 28], [26, 51]]; loss = 0.031957
train step 7230; scene = ['893902ab902eb495', 'a569fd63af843fde']; context = [[13, 40], [95, 120]]; loss = 0.042027
train step 7240; scene = ['be0ce1ab279edf70', '71fb570e62f5b1ea']; context = [[11, 38], [6, 32]]; loss = 0.071134
train step 7250; scene = ['5e18c1df1ea5fe8b', '1ab2513dcdc16c12']; context = [[114, 142], [197, 225]]; loss = 0.023755
train step 7260; scene = ['0c681aad5c4df8f0', 'b430c9b34014b7b4']; context = [[226, 251], [5, 32]]; loss = 0.047909
train step 7270; scene = ['c580d7b52ffa2fb7', '9e8db62a9b3cbd5e']; context = [[75, 103], [158, 186]]; loss = 0.032374
train step 7280; scene = ['1adbee59b28927b3', '4abee89a8a0ad4a8']; context = [[91, 119], [47, 72]]; loss = 0.037578
train step 7290; scene = ['8af7af40f69b8edc', 'ca70bb457294027a']; context = [[8, 36], [200, 225]]; loss = 0.045904
train step 7300; scene = ['86fd1d544859f77d', '96296c928b44f0a4']; context = [[98, 126], [147, 172]]; loss = 0.054943
train step 7310; scene = ['2efa09163cda1ed1', 'acb20b13a0dad323']; context = [[233, 259], [115, 143]]; loss = 0.033581
train step 7320; scene = ['2bafae5dc8516379', '5db02c873a072b8e']; context = [[222, 249], [25, 51]]; loss = 0.036691
train step 7330; scene = ['3578d191d151ccc8', '831f44fb2dc2311d']; context = [[45, 72], [70, 98]]; loss = 0.034444
train step 7340; scene = ['704e995f7c1123cd', 'ff69336d8437715f']; context = [[28, 55], [121, 146]]; loss = 0.048321
train step 7350; scene = ['8a749305c8a7a764', '42c42168f0fb01da']; context = [[17, 42], [59, 84]]; loss = 0.022897
train step 7360; scene = ['136558bc6c565da1', '860cb96a18812b20']; context = [[87, 113], [106, 133]]; loss = 0.046614
train step 7370; scene = ['df63cd7eb6e92486', '09c2a9a63d5eec9e']; context = [[39, 67], [34, 61]]; loss = 0.051723
train step 7380; scene = ['3aa7b6c24c37a9a3', '6e63b6440b922e9b']; context = [[27, 53], [18, 46]]; loss = 0.058766
train step 7390; scene = ['8d758914077e5926', '107fabf0d1dce254']; context = [[34, 62], [36, 61]]; loss = 0.025252
train step 7400; scene = ['689bb3b838fc55a3', 'ca73b09900ea2fd6']; context = [[31, 59], [40, 68]]; loss = 0.043017
train step 7410; scene = ['2da17464ef895b63', '4198c7129a726cf5']; context = [[12, 40], [83, 108]]; loss = 0.047272
train step 7420; scene = ['9c114fd30bc5d40d', 'a8e5514d51acd87b']; context = [[93, 121], [4, 31]]; loss = 0.060632
train step 7430; scene = ['a4eeae8de8e2e98e', '269eed6559c8e8dd']; context = [[230, 258], [19, 44]]; loss = 0.030169
train step 7440; scene = ['4b586a8cb868c878', 'bbed62fff468df37']; context = [[74, 102], [48, 74]]; loss = 0.029542
train step 7450; scene = ['4bd55ac28c876fce', '51817eaa8265bc7f']; context = [[66, 91], [30, 58]]; loss = 0.030298
train step 7460; scene = ['c9077b5a9e2919c9', '25b3eb02b0915107']; context = [[28, 53], [29, 55]]; loss = 0.027351
train step 7470; scene = ['ef525593d312fe50', '165eaaa2a7b5c11f']; context = [[9, 34], [63, 89]]; loss = 0.028171
train step 7480; scene = ['1e282735e3e48328', '42f74d7e8843d492']; context = [[10, 36], [68, 95]]; loss = 0.042143
train step 7490; scene = ['0a1abaa6ea233a54', 'adae27b073e92904']; context = [[27, 53], [27, 55]]; loss = 0.043426
train step 7500; scene = ['9051cb5e943e0aa1', '086d231d005df1e1']; context = [[7, 32], [11, 37]]; loss = 0.037351
train step 7510; scene = ['26687abb788c08be', '47978344bbc75de5']; context = [[36, 62], [52, 79]]; loss = 0.036174
train step 7520; scene = ['d6ae697220e70a81', 'e43373167621d0f8']; context = [[32, 58], [150, 176]]; loss = 0.032378
train step 7530; scene = ['6551bb0d65d43809', '343b0cc98e51610f']; context = [[7, 33], [5, 33]]; loss = 0.030568
train step 7540; scene = ['a83f3746a11e572d', '2ba4ac8ad33f2604']; context = [[73, 99], [181, 208]]; loss = 0.033177
train step 7550; scene = ['f83aad93553a1fe3', '862f559e6544b4f6']; context = [[103, 131], [43, 69]]; loss = 0.024582
train step 7560; scene = ['b651925fbd6adf04', 'd39bcb1fee36c69e']; context = [[101, 129], [70, 97]]; loss = 0.027807
train step 7570; scene = ['7570e1000b6f66a7', '2fc24e6aa1333070']; context = [[3, 31], [95, 123]]; loss = 0.027963
train step 7580; scene = ['bff6ed9e33d3c7a8', '1f7fa79c932877a3']; context = [[15, 42], [19, 45]]; loss = 0.034570
train step 7590; scene = ['9dda63b4544559e9', '34461872e645d034']; context = [[39, 67], [68, 96]]; loss = 0.035795
train step 7600; scene = ['a47515dac8f66d3e', '40ce3c51bcf5939e']; context = [[28, 55], [54, 82]]; loss = 0.051674
train step 7610; scene = ['bfea335b2815b71d', '1465f6ed8ab9c13a']; context = [[123, 149], [0, 26]]; loss = 0.038901
train step 7620; scene = ['87b0132f747a2e25', 'c9c5b6a222e95638']; context = [[10, 36], [41, 69]]; loss = 0.031886
train step 7630; scene = ['15f2248c0e2dc148', '9995607bda065076']; context = [[65, 93], [64, 91]]; loss = 0.027786
train step 7640; scene = ['8944e2d266a03dc8', '3d75646077c13ab1']; context = [[7, 35], [85, 111]]; loss = 0.043540
train step 7650; scene = ['71957e818c5447d3', '8026620adc8bbca9']; context = [[12, 39], [27, 55]]; loss = 0.028559
train step 7660; scene = ['8ead50093236804b', '14f3add9df8c5c11']; context = [[51, 78], [34, 62]]; loss = 0.041766
train step 7670; scene = ['e762c1c07db2b766', '2fab89e843378069']; context = [[5, 32], [31, 59]]; loss = 0.037330
train step 7680; scene = ['343f2c2d3fd75fb7', '017c0058a6c6e645']; context = [[32, 59], [184, 211]]; loss = 0.030126
train step 7690; scene = ['6fa4c2007a0bf94f', 'f028e6658136e9ba']; context = [[120, 146], [101, 128]]; loss = 0.037290
train step 7700; scene = ['906fbd1ca67ad39a', '3ba642d8a177b665']; context = [[62, 89], [3, 30]]; loss = 0.028070
train step 7710; scene = ['098b6ce755e6a169', '5152ddec95800e11']; context = [[0, 27], [63, 89]]; loss = 0.026876
train step 7720; scene = ['4b4d97c54ed93160', '81d88afd2654664f']; context = [[44, 72], [9, 37]]; loss = 0.045440
train step 7730; scene = ['9ed1361e9712cff9', '3acf345a91f25283']; context = [[40, 67], [48, 76]]; loss = 0.033149
train step 7740; scene = ['8d7c8c24c08671f1', '6ffa56bef397d685']; context = [[2, 28], [113, 141]]; loss = 0.037774
train step 7750; scene = ['56b634c07ca3ed46', '8dd8926917ad57b6']; context = [[0, 26], [35, 63]]; loss = 0.032341
train step 7760; scene = ['8cd1b09ae767cbed', 'b3c17c4058b61df2']; context = [[47, 75], [20, 46]]; loss = 0.044751
train step 7770; scene = ['ee9c7c9d5fe157e4', 'd382fd7776f9ec33']; context = [[16, 43], [83, 110]]; loss = 0.041285
train step 7780; scene = ['ece3d30bd2dc2a4a', '65aa0f2e84478362']; context = [[34, 62], [44, 70]]; loss = 0.041379
train step 7790; scene = ['9eedb5eec8cfa768', '9603b71f48db69c4']; context = [[51, 78], [16, 44]]; loss = 0.034450
train step 7800; scene = ['edecb6d85652f9a1', '4624a9b67e1a88e2']; context = [[207, 233], [35, 63]]; loss = 0.044822
train step 7810; scene = ['c57b526f18f6105e', 'c8618368542826fa']; context = [[119, 147], [26, 52]]; loss = 0.026374
train step 7820; scene = ['444acbb6c0877842', 'e6dd3fbd91151b5f']; context = [[5, 32], [62, 88]]; loss = 0.034950
train step 7830; scene = ['1f1744b617eb9080', '8c1ea3036d433d59']; context = [[192, 219], [192, 218]]; loss = 0.040043
train step 7840; scene = ['35cbaf6ba07c64fe', '3a53f0f0377f069c']; context = [[12, 38], [5, 32]]; loss = 0.040830
train step 7850; scene = ['fe23698b552751d5', 'dea4f1344575ac36']; context = [[3, 30], [103, 131]]; loss = 0.022088
train step 7860; scene = ['16c8838c274625d4', 'f47fb729fe708d84']; context = [[0, 28], [70, 98]]; loss = 0.044335
train step 7870; scene = ['16166f53500a5dc3', '29d7ac3298d00f4d']; context = [[7, 35], [198, 226]]; loss = 0.031758
train step 7880; scene = ['b8f7484d344eeda0', 'a0a53f68abe200db']; context = [[87, 113], [40, 68]]; loss = 0.058818
train step 7890; scene = ['85252cd1589d94fb', 'dc5f3f6bf9b5bbf7']; context = [[40, 68], [48, 76]]; loss = 0.031070
train step 7900; scene = ['6075fb811d2794e2', '3facfcb00b8697dc']; context = [[204, 230], [10, 38]]; loss = 0.033709
train step 7910; scene = ['11816aa482b4a095', '03fcc7f08b6230dd']; context = [[32, 58], [84, 110]]; loss = 0.034802
train step 7920; scene = ['db83efb82741525d', 'c70df7ea8b91c8c0']; context = [[252, 278], [61, 87]]; loss = 0.032374
train step 7930; scene = ['935b717bebe77a7e', 'b9df51325a6cf55c']; context = [[72, 98], [64, 91]]; loss = 0.032154
train step 7940; scene = ['e6ec0856c0f0ada4', '01093ee67cdd3998']; context = [[41, 68], [3, 31]]; loss = 0.038757
train step 7950; scene = ['b1a55291392e332f', '48934b9186514432']; context = [[65, 91], [165, 191]]; loss = 0.046271
train step 7960; scene = ['ae0dc9a4163221b5', '7e8bc02377c148f9']; context = [[118, 144], [133, 161]]; loss = 0.040221
train step 7970; scene = ['572357b6b69cb9ec', '0902983e76d12d43']; context = [[148, 176], [81, 107]]; loss = 0.051678
train step 7980; scene = ['fbecca819c7793e5', '9800cc765e69da26']; context = [[9, 35], [5, 32]]; loss = 0.048950
train step 7990; scene = ['06c2bc96fe172578', '8d4c41faae44a989']; context = [[65, 92], [33, 59]]; loss = 0.034983
validation step 8000; scene = ['647f2049bf4cb3f3']; context = [[15, 43]]
train step 8000; scene = ['3ef11beb68156ed9', 'ac18e7c3032a62ab']; context = [[47, 73], [71, 99]]; loss = 0.031555
train step 8010; scene = ['83edf9580ff211fc', 'd00afb745c603888']; context = [[18, 44], [38, 66]]; loss = 0.041289
train step 8020; scene = ['1570ebe6dcc16039', '44e3e8bf1a3ee95d']; context = [[85, 111], [39, 65]]; loss = 0.060960
train step 8030; scene = ['e9e24b6ec4ba54e2', '8bea2fa96b546575']; context = [[7, 33], [55, 81]]; loss = 0.027487
train step 8040; scene = ['cce75bd64548371d', '4c527b2ed319ecf9']; context = [[165, 193], [208, 236]]; loss = 0.034179
train step 8050; scene = ['2316b4d8d41df4e5', '196e67f35573aee5']; context = [[22, 49], [104, 132]]; loss = 0.030334
train step 8060; scene = ['657c0096dec50564', 'bcf155ca528146af']; context = [[62, 88], [88, 114]]; loss = 0.043549
train step 8070; scene = ['38d02514748fce78', 'f12488eb2f36d1ea']; context = [[12, 38], [88, 114]]; loss = 0.032875
train step 8080; scene = ['6981e221db0b186e', 'bc6b4ebbc16ab11b']; context = [[17, 45], [45, 71]]; loss = 0.042257
train step 8090; scene = ['67e392299d5e2fa3', '2571ce6634069b7f']; context = [[87, 115], [66, 92]]; loss = 0.039725
train step 8100; scene = ['475c01ee641612f6', 'dd70a2787fc81ef7']; context = [[57, 83], [18, 44]]; loss = 0.024794
train step 8110; scene = ['007ac6cef80a692c', '3d577e0b974e4a66']; context = [[148, 175], [32, 60]]; loss = 0.036089
train step 8120; scene = ['871fef035e6b93dd', '3e702c442a66299e']; context = [[37, 64], [0, 28]]; loss = 0.027360
train step 8130; scene = ['d542caabb42c9cf2', 'c18f5fd6741f571b']; context = [[12, 40], [108, 134]]; loss = 0.029046
train step 8140; scene = ['57e5bf3697cf28d0', '0b6942b5f24df8c0']; context = [[79, 105], [60, 88]]; loss = 0.033022
train step 8150; scene = ['026cf7182a33e5f7', '1c8182e508006626']; context = [[234, 260], [37, 65]]; loss = 0.039511
train step 8160; scene = ['89b2c9e4a99b23ec', '6df21c9dc6f62fc8']; context = [[3, 30], [16, 42]]; loss = 0.031027
train step 8170; scene = ['c26cbf75018b9deb', 'b77fab4ece94942f']; context = [[75, 101], [41, 67]]; loss = 0.036618
train step 8180; scene = ['5228b0e43b41274e', 'bbfcd3d774e70b9d']; context = [[113, 139], [100, 126]]; loss = 0.030844
train step 8190; scene = ['b5530c49f631410c', '91b26a78b7cd8114']; context = [[9, 36], [74, 100]]; loss = 0.046412
train step 8200; scene = ['38b363e3d000f037', '387a1f901c5bab8e']; context = [[80, 106], [34, 60]]; loss = 0.027311
train step 8210; scene = ['4f27c51e6150adc0', '433ab59ecfa048c4']; context = [[16, 43], [10, 38]]; loss = 0.041371
train step 8220; scene = ['df532322f59fb27f', '3d70d4794565e302']; context = [[78, 104], [23, 49]]; loss = 0.022873
train step 8230; scene = ['9289b45affc0393a', 'da127f12a53933f0']; context = [[53, 79], [47, 75]]; loss = 0.030453
train step 8240; scene = ['41eb5b874c9c8562', '08af4876a7784ea0']; context = [[41, 67], [10, 36]]; loss = 0.032345
train step 8250; scene = ['ff6efa59400cd6af', 'ec75f877bceea68e']; context = [[32, 59], [135, 161]]; loss = 0.047940
train step 8260; scene = ['14056595020e5128', '10fda5483645a9da']; context = [[12, 39], [68, 96]]; loss = 0.044823
train step 8270; scene = ['59d5905dd7240da8', '2e95cbfeb9f5e57e']; context = [[2, 30], [79, 106]]; loss = 0.034750
train step 8280; scene = ['4fdea40b861d535d', '3650d51c6e815a8f']; context = [[73, 99], [78, 105]]; loss = 0.036413
train step 8290; scene = ['149706425ea3666a', 'accb1432540b4ca9']; context = [[18, 45], [4, 30]]; loss = 0.045251
train step 8300; scene = ['3ab1ce6779776017', 'e2aa2f8345dbe263']; context = [[58, 84], [12, 40]]; loss = 0.043167
train step 8310; scene = ['62ff29eea4392196', '48bc056aaa0081bc']; context = [[71, 98], [17, 43]]; loss = 0.032020
train step 8320; scene = ['d488b5f08aadff0c', '3f161217bfaf3c6a']; context = [[32, 59], [14, 42]]; loss = 0.046659
train step 8330; scene = ['c7ee29701719ff1a', '662a9e07c239751f']; context = [[8, 36], [35, 61]]; loss = 0.034073
train step 8340; scene = ['30bce8b8eff608f4', '189d869ff7d8b5d4']; context = [[87, 113], [4, 30]]; loss = 0.028326
train step 8350; scene = ['57dae64b3fb6298b', '6dba14da4f7bbb82']; context = [[24, 52], [74, 102]]; loss = 0.049636
train step 8360; scene = ['d78f25c6b105edd3', 'ef461087323ae170']; context = [[0, 26], [33, 60]]; loss = 0.035571
train step 8370; scene = ['5d912006291585c5', 'b21d5ef8c70e3bd2']; context = [[41, 68], [26, 52]]; loss = 0.025598
train step 8380; scene = ['17305b0b98053dee', '4be99782bb201a87']; context = [[5, 32], [11, 39]]; loss = 0.032366
train step 8390; scene = ['48cc352969a825b7', 'cc196894bc6ae6ec']; context = [[61, 88], [153, 181]]; loss = 0.039758
train step 8400; scene = ['6b5508cc07fd8bc8', 'a606b81c87abf278']; context = [[8, 36], [100, 128]]; loss = 0.038412
train step 8410; scene = ['2b8a66a785038b4b', '4296043230e5cb08']; context = [[3, 30], [19, 45]]; loss = 0.035725
train step 8420; scene = ['eee29372ebee12be', 'a96317dd55e483e3']; context = [[53, 79], [161, 187]]; loss = 0.039236
train step 8430; scene = ['89eebf1d7befa3d8', '56ad056b9b6bf22d']; context = [[70, 98], [226, 252]]; loss = 0.040235
train step 8440; scene = ['1a1f52bc81d7b664', '84fd0ff5a53c3e53']; context = [[23, 50], [155, 182]]; loss = 0.026038
train step 8450; scene = ['66c9632b703b75c5', 'd79666d294813d8e']; context = [[35, 61], [56, 82]]; loss = 0.033277
train step 8460; scene = ['ccad848ce291de16', '063a872c4c57294f']; context = [[48, 75], [22, 48]]; loss = 0.046266
train step 8470; scene = ['a087aba91c8a3f5a', 'f3ad8ae9b2a860ef']; context = [[208, 235], [158, 185]]; loss = 0.064377
train step 8480; scene = ['d1ac9667409f147d', 'ba2a2ce5a110fb53']; context = [[15, 41], [55, 82]]; loss = 0.026704
train step 8490; scene = ['201e14c1395bb7e7', 'e5aeb6cc73e1ef60']; context = [[19, 47], [34, 62]]; loss = 0.032267
train step 8500; scene = ['5bab9e56ca2eabe0', 'c691beea7df05a40']; context = [[10, 37], [217, 245]]; loss = 0.039496
train step 8510; scene = ['62be828d9ba51471', '206f207ba1fba3f9']; context = [[117, 145], [103, 130]]; loss = 0.040420
train step 8520; scene = ['5c95c43c5e8a7ad3', '6e47696f41c1858e']; context = [[82, 108], [11, 37]]; loss = 0.041790
train step 8530; scene = ['a2ecf54b0980ea71', '65cd1bd7d63ae0ab']; context = [[26, 54], [178, 206]]; loss = 0.045545
train step 8540; scene = ['4fb170171642a5f1', '622f5f93cf28478a']; context = [[40, 66], [17, 44]]; loss = 0.056560
train step 8550; scene = ['f5ea225f5c7fc039', '148d73d25691beab']; context = [[90, 116], [6, 32]]; loss = 0.033917
train step 8560; scene = ['30ffbfabfe08cd98', '16d0feabcf34f5c1']; context = [[89, 116], [37, 63]]; loss = 0.073528
train step 8570; scene = ['446ffa4a463df3a8', 'c07a2188f9ddd541']; context = [[87, 113], [7, 35]]; loss = 0.044327
train step 8580; scene = ['4fc949359dd32d33', '52d73f2b4a57e0b5']; context = [[15, 43], [47, 75]]; loss = 0.037089
train step 8590; scene = ['4c8af0d24086244b', '1a879e247676f602']; context = [[37, 64], [95, 122]]; loss = 0.043561
train step 8600; scene = ['51fe3513ae878161', '1d65751b99eee865']; context = [[40, 68], [138, 166]]; loss = 0.046364
train step 8610; scene = ['7debdb126491a6f1', '824bd75a1f047775']; context = [[63, 90], [48, 76]]; loss = 0.037052
train step 8620; scene = ['4e701f9ac46a09c0', 'af60794eeefd1c85']; context = [[78, 104], [13, 40]]; loss = 0.054221
train step 8630; scene = ['3b8ba0075b0ab75b', 'c331ebdb898c377a']; context = [[159, 186], [0, 26]]; loss = 0.041352
train step 8640; scene = ['6af18067925fa678', '3220f882c1f72cca']; context = [[54, 81], [14, 41]]; loss = 0.024571
train step 8650; scene = ['b82699258dfe48f9', '499b6b01492a2172']; context = [[1, 29], [8, 35]]; loss = 0.034509
train step 8660; scene = ['4c5a859379a7c8a8', 'd438e6b186071150']; context = [[0, 27], [7, 34]]; loss = 0.025719
train step 8670; scene = ['777444de006226ce', 'c926a919e6a16e3c']; context = [[78, 104], [44, 70]]; loss = 0.025897
train step 8680; scene = ['fa9d2ad5cf2976b8', '972bf187dfa4ff2a']; context = [[27, 55], [191, 217]]; loss = 0.049552
train step 8690; scene = ['a3ea131bf17afb9a', 'ed71bd2e9361f16e']; context = [[85, 112], [14, 40]]; loss = 0.035250
train step 8700; scene = ['dfb585600cfa6d6e', '070e03b0709a0c7a']; context = [[66, 94], [242, 269]]; loss = 0.045268
train step 8710; scene = ['120345336132cf1b', '8bf67ed3d8a5a40c']; context = [[232, 260], [31, 57]]; loss = 0.031946
train step 8720; scene = ['3b0005e9814db5da', '26197c5e7d9e117e']; context = [[14, 41], [4, 31]]; loss = 0.032107
train step 8730; scene = ['31cb89dbe9488278', 'b53e3ec3e9b46c8f']; context = [[2, 28], [188, 216]]; loss = 0.034313
train step 8740; scene = ['0872b2f13c69409a', '969a6b7b65dd674f']; context = [[26, 53], [26, 53]]; loss = 0.034939
train step 8750; scene = ['2a1a258ce5d47b36', '3f0e94f84a8250ec']; context = [[154, 180], [141, 167]]; loss = 0.067626
train step 8760; scene = ['de4cfe321301e096', '3aa0becd9ab1c4d5']; context = [[42, 70], [68, 96]]; loss = 0.066003
train step 8770; scene = ['6f1af1d2abf80ac8', 'a621cb2aed8cff41']; context = [[49, 76], [40, 67]]; loss = 0.031978
train step 8780; scene = ['3deda316f214ee89', '95b01cb52bd48070']; context = [[166, 193], [1, 28]]; loss = 0.031811
train step 8790; scene = ['650a63547ccfcbc4', '71e2ce34ffd78138']; context = [[2, 30], [26, 53]]; loss = 0.036356
train step 8800; scene = ['30acb971c9074776', '78a1eb48fb32e7c3']; context = [[79, 107], [23, 49]]; loss = 0.038853
train step 8810; scene = ['4299294e7a4345eb', 'f2154b1776404490']; context = [[91, 119], [98, 126]]; loss = 0.039389
train step 8820; scene = ['8610476b7d4b2394', 'f2fbebb2b7cb9d0d']; context = [[48, 74], [108, 134]]; loss = 0.040042
train step 8830; scene = ['7173e6107342f9bb', 'c94cb4be652f013a']; context = [[35, 62], [48, 74]]; loss = 0.033710
train step 8840; scene = ['cc00a1b790a55930', 'da2584abea4a9b01']; context = [[176, 203], [9, 36]]; loss = 0.030742
train step 8850; scene = ['3b7c1da7ab8f7c7f', 'f483eb112204d039']; context = [[16, 44], [36, 63]]; loss = 0.035058
train step 8860; scene = ['13f84c9e46eb697c', '23740b96381eebef']; context = [[210, 237], [42, 69]]; loss = 0.074569
train step 8870; scene = ['bbf64bb9d1b3221b', 'e8b6cfb9b24f3d19']; context = [[56, 82], [152, 178]]; loss = 0.033789
train step 8880; scene = ['46feb9486421e287', '32c72eaa41cd303c']; context = [[105, 132], [122, 148]]; loss = 0.046506
train step 8890; scene = ['86a091df45fbb2c6', 'ad024cde4a589ce1']; context = [[30, 57], [92, 119]]; loss = 0.024860
train step 8900; scene = ['376f55a54cac625b', 'd59b9576705aaf29']; context = [[2, 29], [44, 71]]; loss = 0.041360
train step 8910; scene = ['68bf29590a48b894', 'a087aba91c8a3f5a']; context = [[23, 50], [30, 57]]; loss = 0.033237
train step 8920; scene = ['3a36edf2be866e34', '8152c1ea1416ea09']; context = [[24, 50], [77, 104]]; loss = 0.025897
train step 8930; scene = ['67cc762eeb7f36a0', 'f2e38a459be0261f']; context = [[40, 67], [18, 44]]; loss = 0.036898
train step 8940; scene = ['c04814a993082566', '25280e32ba676f03']; context = [[37, 63], [24, 51]]; loss = 0.051709
train step 8950; scene = ['8791d807d92c967b', '1dbcf2afa23d56ed']; context = [[79, 105], [10, 36]]; loss = 0.036448
train step 8960; scene = ['fa1e78f4c605baf6', 'a6d7ad61aadbc7f1']; context = [[93, 121], [59, 87]]; loss = 0.036776
train step 8970; scene = ['eae335066648fbe6', '0a261b18c09f9f58']; context = [[6, 34], [3, 31]]; loss = 0.040727
train step 8980; scene = ['b0ebe336f9f96686', '45fb1347cd3a5eff']; context = [[5, 31], [193, 219]]; loss = 0.034768
train step 8990; scene = ['0a28e6dad8e7b89e', '449002ada2ccb247']; context = [[4, 31], [36, 63]]; loss = 0.036445
train step 9000; scene = ['bda52496ae1a7d96', '0cc61e63c45e5ac5']; context = [[10, 37], [63, 91]]; loss = 0.031804
train step 9010; scene = ['571e0a97e57417b6', '7a25f6222cff4aac']; context = [[11, 37], [3, 31]]; loss = 0.039925
train step 9020; scene = ['87cf67eb997323d1', '7f69fab64b1aeb02']; context = [[54, 80], [41, 69]]; loss = 0.032974
train step 9030; scene = ['4f8b39b0edd0ce37', 'b166d53b0d8a607b']; context = [[10, 36], [24, 52]]; loss = 0.056695
train step 9040; scene = ['15660384f7b48ef5', '9bf0d929d030e788']; context = [[29, 57], [11, 38]]; loss = 0.033865
train step 9050; scene = ['4af33be4aabe77ea', '40dac910b77ca8a9']; context = [[37, 64], [66, 93]]; loss = 0.038783
train step 9060; scene = ['463a721c706cb237', 'e598c6c4d23a5619']; context = [[99, 125], [23, 49]]; loss = 0.023189
train step 9070; scene = ['f0b8a9c3ce97c71e', '305c01eefbbc2612']; context = [[53, 79], [110, 138]]; loss = 0.029004
train step 9080; scene = ['8910ac17079c1bec', 'c8e5ea381a7de099']; context = [[20, 47], [0, 26]]; loss = 0.035676
train step 9090; scene = ['219a184bf5811f40', '1869cb50da45fabc']; context = [[49, 75], [179, 206]]; loss = 0.027584
train step 9100; scene = ['22b9f16c8dd1e8df', '72c2b1bac8dff909']; context = [[27, 53], [78, 106]]; loss = 0.029475
train step 9110; scene = ['4da0f9a3b1ca2560', 'fda481eb3ffc890e']; context = [[17, 45], [107, 134]]; loss = 0.031150
train step 9120; scene = ['6ae3e9482341c6a4', 'db49c27889b9b34e']; context = [[17, 44], [103, 129]]; loss = 0.033139
train step 9130; scene = ['619fab5acfc50704', 'dda1c2d4bd25e6f1']; context = [[51, 78], [31, 58]]; loss = 0.038465
train step 9140; scene = ['183191ba211499fe', '978e9d8e52dafdee']; context = [[113, 139], [30, 57]]; loss = 0.028581
train step 9150; scene = ['9dc41f2e4da5e6bf', '56ff38f16a379f87']; context = [[28, 55], [45, 73]]; loss = 0.038052
train step 9160; scene = ['d116367068aa5d41', '1f5704bf23ed3e6b']; context = [[6, 33], [35, 63]]; loss = 0.048890
train step 9170; scene = ['8eaa230571f41713', 'df17145f57c57d37']; context = [[18, 44], [1, 28]]; loss = 0.071494
train step 9180; scene = ['9a904a30f2c426c2', '7bad8634f041892b']; context = [[37, 65], [0, 26]]; loss = 0.019964
train step 9190; scene = ['3b06e30764de0c76', '8203c92c2f677fb9']; context = [[33, 59], [9, 35]]; loss = 0.040827
train step 9200; scene = ['d6a17b44a2bbe185', '7e280a93383e4827']; context = [[12, 39], [95, 121]]; loss = 0.032403
train step 9210; scene = ['7a996c790caf8079', '85f6b47ab3b0d821']; context = [[14, 41], [21, 47]]; loss = 0.019624
train step 9220; scene = ['b495c65ac2253258', 'b3c7ff644ba2c88b']; context = [[131, 157], [108, 136]]; loss = 0.024427
train step 9230; scene = ['3e981b41e4993058', '9804ca734356c5d7']; context = [[74, 102], [47, 74]]; loss = 0.028195
train step 9240; scene = ['83cbcd45edcf38b6', '9e0e71a5cbd3d4d7']; context = [[12, 39], [131, 159]]; loss = 0.025553
train step 9250; scene = ['fdd482edf0cbd37e', '9a38c7681395953e']; context = [[34, 63], [127, 155]]; loss = 0.030613
train step 9260; scene = ['ead979aa76eaa492', 'd79a09f5a0487ad2']; context = [[13, 39], [230, 259]]; loss = 0.028515
train step 9270; scene = ['04ee6d9daa244889', '653bb70e9b1ee3c8']; context = [[36, 65], [89, 117]]; loss = 0.041720
train step 9280; scene = ['6b6ebdfc9a744a37', 'ea47087f2e44d703']; context = [[1, 29], [90, 117]]; loss = 0.027095
train step 9290; scene = ['ffac01816b4f0f08', 'b95185f28371e386']; context = [[1, 30], [0, 26]]; loss = 0.026002
train step 9300; scene = ['cd4a7526bc7049d7', '505bf8619ad5c82d']; context = [[2, 28], [28, 56]]; loss = 0.037751
train step 9310; scene = ['597649fd1b135ebd', '5d55b5dec223dd12']; context = [[45, 73], [20, 47]]; loss = 0.036664
train step 9320; scene = ['90e525113f00a298', '1c468e394192c313']; context = [[6, 34], [190, 216]]; loss = 0.033142
train step 9330; scene = ['1a57c3ecc5849fe5', 'e0feeb21d0e40767']; context = [[0, 29], [3, 31]]; loss = 0.028960
train step 9340; scene = ['fa178b37d96ac2ec', 'abb1a998e64aeea1']; context = [[41, 67], [54, 81]]; loss = 0.030783
train step 9350; scene = ['af8122c66180771c', '1fb9d73ad18c54c3']; context = [[48, 77], [93, 121]]; loss = 0.029292
train step 9360; scene = ['8f704f54edccd196', '59ae2f224b858800']; context = [[156, 184], [72, 98]]; loss = 0.047029
train step 9370; scene = ['aa7d34a0930aaed6', '29f66f7d00d5a958']; context = [[8, 36], [37, 65]]; loss = 0.035064
train step 9380; scene = ['ef58dba812b12ef0', '871cf978eabbd334']; context = [[82, 108], [177, 203]]; loss = 0.044783
train step 9390; scene = ['8b9ec683f13ccd82', '8df6a8f9f01e468c']; context = [[8, 36], [2, 28]]; loss = 0.034233
train step 9400; scene = ['1c557fb150cac743', 'ef8e3e7bcb74a917']; context = [[54, 80], [33, 62]]; loss = 0.024235
train step 9410; scene = ['a65733b901e7f6bc', '85024d10f37aa32d']; context = [[0, 27], [2, 31]]; loss = 0.033912
train step 9420; scene = ['78b694e06349d124', 'a9ed4a87c1c6b665']; context = [[12, 40], [59, 86]]; loss = 0.026654
train step 9430; scene = ['f1b09696ccbe7ed0', 'd9aacea21e110a52']; context = [[238, 267], [17, 45]]; loss = 0.035579
train step 9440; scene = ['f8b5523fcadeddc4', '3b671f868140da57']; context = [[72, 99], [7, 35]]; loss = 0.031884
train step 9450; scene = ['f2b680eb41354655', '9d7027346728bebf']; context = [[63, 89], [52, 79]]; loss = 0.031067
train step 9460; scene = ['1983edb062cda07c', '4559d0f58931cb1e']; context = [[23, 51], [13, 39]]; loss = 0.054778
train step 9470; scene = ['8c219866f7654022', 'e050481aaa33e29c']; context = [[2, 28], [38, 65]]; loss = 0.037605
train step 9480; scene = ['9de327a8579e464f', '90cf0cb82c8be331']; context = [[90, 118], [105, 131]]; loss = 0.032680
train step 9490; scene = ['5e209d8394fe9a43', '5c8cb60ed82dcb13']; context = [[11, 40], [62, 90]]; loss = 0.033778
train step 9500; scene = ['ef429574a626218a', '77c62a956f8cdd9c']; context = [[15, 44], [6, 34]]; loss = 0.055336
train step 9510; scene = ['81f4fc498ed094e9', '28a4394270ccaa8d']; context = [[101, 129], [25, 52]]; loss = 0.042180
train step 9520; scene = ['96a6ec4c056744f6', '9edba56f5a9881b6']; context = [[200, 226], [94, 121]]; loss = 0.024759
train step 9530; scene = ['bf27ccdada0c2373', 'd1e2177c1fc2d84b']; context = [[60, 88], [84, 110]]; loss = 0.023190
train step 9540; scene = ['40a45b91d5f5e533', '0800911f12284372']; context = [[34, 61], [39, 68]]; loss = 0.046625
train step 9550; scene = ['8fcf794ba892a383', 'b5b2636b0c5a1504']; context = [[3, 32], [101, 128]]; loss = 0.044079
train step 9560; scene = ['b01124860ef4a2d0', '978d853d57c2f68a']; context = [[50, 78], [19, 46]]; loss = 0.044887
train step 9570; scene = ['6b5f5aaea390ff12', '9b663c4f43cd593a']; context = [[45, 74], [43, 70]]; loss = 0.028546
train step 9580; scene = ['2f9c9d1b56eb7f75', 'c672fa3960b73528']; context = [[8, 35], [19, 45]]; loss = 0.023175
train step 9590; scene = ['63be9c98ca2453d5', 'c2cb4c6265e53e9c']; context = [[51, 79], [35, 64]]; loss = 0.025479
train step 9600; scene = ['6b54e3dd731cf914', '11a83eda3fd82eb1']; context = [[57, 86], [20, 49]]; loss = 0.038144
train step 9610; scene = ['162d2f3288eec573', '1eaa109d45cc63a0']; context = [[75, 103], [40, 67]]; loss = 0.034146
train step 9620; scene = ['9a5a417c708dcd2d', '65f21b4e27c1e26c']; context = [[18, 47], [41, 68]]; loss = 0.028232
train step 9630; scene = ['a369b7c3a80ea247', 'a958848b744684a6']; context = [[42, 68], [0, 28]]; loss = 0.034197
train step 9640; scene = ['e72032e8935bae10', '381998f0ac7badf1']; context = [[162, 188], [59, 85]]; loss = 0.027618
train step 9650; scene = ['6dd9de7414467009', 'b306732011b00fa9']; context = [[5, 34], [41, 67]]; loss = 0.030676
train step 9660; scene = ['b0be2931a2325f87', '0c95664d34705102']; context = [[10, 38], [104, 132]]; loss = 0.050131
train step 9670; scene = ['d44b000c0178afbb', '47bec18c9ad9ca34']; context = [[44, 70], [33, 62]]; loss = 0.047352
train step 9680; scene = ['c79bcc417194e054', '56ca12de78c49588']; context = [[18, 45], [22, 51]]; loss = 0.038197
train step 9690; scene = ['33eed6607cbf07b1', '0b84503d6c8ee95c']; context = [[50, 78], [4, 31]]; loss = 0.022862
train step 9700; scene = ['697f83e843f73081', 'aa3674f8a234e695']; context = [[26, 52], [115, 143]]; loss = 0.036932
train step 9710; scene = ['1352e11525407ad0', 'b948ce0680ae4e32']; context = [[0, 29], [2, 30]]; loss = 0.036559
train step 9720; scene = ['a578a7eefb3185e2', '8c61e3046e40bbc4']; context = [[12, 39], [63, 91]]; loss = 0.042891
train step 9730; scene = ['e4f99a9aaf261844', '2486f0efdbfdfbb3']; context = [[32, 60], [0, 29]]; loss = 0.037339
train step 9740; scene = ['9f557ea23b237b5d', 'c98d6a4285ef869f']; context = [[22, 50], [74, 100]]; loss = 0.046650
train step 9750; scene = ['fa1ddac84aafd9b7', '6b95cb189005c838']; context = [[26, 53], [56, 83]]; loss = 0.040034
train step 9760; scene = ['e512661bf75c3a7c', '830ae97d2cd7c39f']; context = [[9, 37], [12, 41]]; loss = 0.036259
train step 9770; scene = ['45a9f170e73017cd', '4416880d36381ea6']; context = [[22, 51], [76, 104]]; loss = 0.042201
train step 9780; scene = ['d1f2f6605b45e92e', '51d9f2a11e49c9f7']; context = [[2, 28], [23, 51]]; loss = 0.027388
train step 9790; scene = ['0745d537fc1aec73', 'a152a4b1f19f25ed']; context = [[181, 207], [0, 29]]; loss = 0.036543
train step 9800; scene = ['bf15144c156af1aa', '8aad33b23262e8f3']; context = [[15, 44], [25, 54]]; loss = 0.054525
train step 9810; scene = ['a8b5ced332106f6e', '1f4a515822cf8fff']; context = [[30, 58], [31, 59]]; loss = 0.028955
train step 9820; scene = ['cb68843a409bae9d', 'c1e78cf2ffa86d43']; context = [[16, 45], [29, 57]]; loss = 0.054107
train step 9830; scene = ['d959cfe7f662e07b', 'bc72d42a14994709']; context = [[13, 42], [211, 239]]; loss = 0.027265
train step 9840; scene = ['9e94b1a8e473c513', '46f7affec5786351']; context = [[51, 80], [21, 48]]; loss = 0.034177
train step 9850; scene = ['56b26f55715dc8f1', '5a92a34a2fe87f92']; context = [[154, 182], [4, 31]]; loss = 0.035443
train step 9860; scene = ['66b85cdffc39333b', 'e904a92e5d8fcc7d']; context = [[7, 35], [211, 240]]; loss = 0.034764
train step 9870; scene = ['e407e438aa7e9206', '4646bbb28f1eae0e']; context = [[9, 38], [61, 90]]; loss = 0.024868
train step 9880; scene = ['40df9f041d4c7858', '23b5bacbf9559266']; context = [[5, 33], [3, 32]]; loss = 0.037848
train step 9890; scene = ['c0e9d9f4f60169e0', 'a9c6fdf06c6b4216']; context = [[38, 64], [7, 33]]; loss = 0.034813
train step 9900; scene = ['ecbacc0f6e82298f', '03ebe8f7060a0adb']; context = [[99, 126], [18, 45]]; loss = 0.055093
train step 9910; scene = ['db42164d6ef63c4f', '5f0904e6c3f20898']; context = [[5, 31], [30, 59]]; loss = 0.027846
train step 9920; scene = ['538591ce295ffc23', 'f98c4f8284140152']; context = [[4, 33], [102, 131]]; loss = 0.041239
train step 9930; scene = ['7840f9ac4e9c77d4', '80f7cd2faeae14cd']; context = [[17, 43], [1, 27]]; loss = 0.030043
train step 9940; scene = ['0883f1f1781e205c', '6e307172e7af4bf7']; context = [[55, 84], [13, 40]]; loss = 0.033620
train step 9950; scene = ['9f55a331f0e02fcd', 'e324acf1610847ca']; context = [[28, 57], [24, 50]]; loss = 0.021136
train step 9960; scene = ['8c6c789f025a5e42', '42a868a8da9e7039']; context = [[7, 35], [24, 50]]; loss = 0.035506
train step 9970; scene = ['4d6bff3c16c87f54', 'd1e2177c1fc2d84b']; context = [[6, 34], [56, 82]]; loss = 0.028600
train step 9980; scene = ['f5d8869e103670b2', '63a59b6c50bf418a']; context = [[1, 29], [67, 95]]; loss = 0.027763
train step 9990; scene = ['736faba49254299e', '3ddb95c68145489b']; context = [[28, 55], [47, 76]]; loss = 0.052905
validation step 10000; scene = ['70b0a33083333dc9']; context = [[1, 30]]
train step 10000; scene = ['3d4fbb163ed0c038', 'bd0014e1f2db0016']; context = [[109, 135], [138, 166]]; loss = 0.039992
train step 10010; scene = ['6bd933145a749fe6', '085bbdccf18be34a']; context = [[177, 206], [88, 116]]; loss = 0.043107
train step 10020; scene = ['6702a69449ee5d23', '375b32e9062945a9']; context = [[26, 52], [2, 29]]; loss = 0.038217
train step 10030; scene = ['3b46f7051f8f7435', '305ee26dd52e6c47']; context = [[19, 46], [8, 37]]; loss = 0.027743
train step 10040; scene = ['a16abbd1892bf65a', '5bfc07e208fce700']; context = [[4, 33], [39, 66]]; loss = 0.034114
train step 10050; scene = ['d4794bd8ac6b13c4', '785a7940eb4128f6']; context = [[34, 60], [41, 68]]; loss = 0.029199
train step 10060; scene = ['466a137cf7c24cee', '676a62bb7947d66c']; context = [[109, 136], [49, 75]]; loss = 0.029480
train step 10070; scene = ['05eed8ae0ceee055', '99b8d16252e8bf6a']; context = [[60, 86], [63, 89]]; loss = 0.024166
train step 10080; scene = ['1de4b62d250a54ff', 'f0460e82a071eb81']; context = [[71, 98], [35, 64]]; loss = 0.028058
train step 10090; scene = ['5c2861f1cadc9406', '4f00f092855236d2']; context = [[18, 45], [187, 215]]; loss = 0.064784
train step 10100; scene = ['018f2d15d6120daa', 'be03a0a10d0f26a9']; context = [[24, 52], [9, 38]]; loss = 0.028029
train step 10110; scene = ['0a5726f0d187b3a9', 'a0251539c80a75fb']; context = [[27, 56], [49, 75]]; loss = 0.027453
train step 10120; scene = ['b78d7b4487c46ca0', '08c26703c4987851']; context = [[83, 109], [46, 72]]; loss = 0.037943
train step 10130; scene = ['7264da2e5617c4da', 'e9797b1d62c1bdc2']; context = [[18, 45], [98, 127]]; loss = 0.039385
train step 10140; scene = ['52dec60d8a66d91e', 'd708ed30abecca79']; context = [[96, 125], [37, 64]]; loss = 0.033930
train step 10150; scene = ['4012c15c8381568b', '6c194892817e9e11']; context = [[4, 32], [25, 52]]; loss = 0.025031
train step 10160; scene = ['00ab0ac739885029', '383a3d9cefe3e1f9']; context = [[22, 50], [36, 62]]; loss = 0.033355
train step 10170; scene = ['91530ea8f943b8c5', '9d40ec668e9b56e7']; context = [[7, 34], [116, 142]]; loss = 0.039469
train step 10180; scene = ['356e2b03d743a4eb', '1d1a2d85e494003b']; context = [[194, 220], [28, 56]]; loss = 0.043780
train step 10190; scene = ['7e959c310b7cb50d', '8c62e67fd9990797']; context = [[72, 99], [62, 90]]; loss = 0.044633
train step 10200; scene = ['1f1f40b70eea9eef', '1ca4244fee70624d']; context = [[181, 210], [192, 218]]; loss = 0.032752
train step 10210; scene = ['72077f7ff39fc73e', '571bc82e203d6e84']; context = [[28, 54], [18, 44]]; loss = 0.043019
train step 10220; scene = ['a43b9457d170e02b', '06a1855c7d51b945']; context = [[95, 123], [34, 61]]; loss = 0.098678
train step 10230; scene = ['31907a6ebec6ef2e', '5e8442ca745fd217']; context = [[53, 79], [79, 105]]; loss = 0.032294
train step 10240; scene = ['8359331f6ccb5b85', '0cd5d9a7517c9b95']; context = [[40, 66], [10, 38]]; loss = 0.052558
train step 10250; scene = ['282ff31ba697ef6f', '12e0cd73e03185be']; context = [[82, 108], [8, 35]]; loss = 0.029974
train step 10260; scene = ['5fc4fdf91749a59b', 'eb70d13262cb7a89']; context = [[10, 39], [50, 79]]; loss = 0.045849
train step 10270; scene = ['03eebf1cb2ee9d03', '7ecbf7f6564ca9c7']; context = [[12, 38], [53, 82]]; loss = 0.028461
train step 10280; scene = ['00b6a786f2c21c17', 'a8d37772aaad1161']; context = [[49, 78], [33, 61]]; loss = 0.028435
train step 10290; scene = ['51f747ae14bb6624', '980309aadec30d17']; context = [[9, 38], [26, 55]]; loss = 0.032398
train step 10300; scene = ['2578864dce7ca95e', '596861bc09c3ab48']; context = [[18, 45], [53, 81]]; loss = 0.030464
train step 10310; scene = ['9f2cd7c89b5ef760', '499558d850da5b71']; context = [[25, 53], [51, 78]]; loss = 0.033249
train step 10320; scene = ['bfd3324d4b863c83', '3f82652b307d3b9c']; context = [[61, 87], [5, 31]]; loss = 0.023795
train step 10330; scene = ['9751e8058f939d35', 'a888f72d8d7c6439']; context = [[191, 217], [61, 89]]; loss = 0.028711
train step 10340; scene = ['c8d451059ee45199', '2b6a1efe983fbb21']; context = [[36, 63], [10, 39]]; loss = 0.041739
train step 10350; scene = ['c5ad91921ecc1b3e', 'd512b75d3003b980']; context = [[135, 164], [50, 78]]; loss = 0.037382
train step 10360; scene = ['07d8eb8dbe12d00f', '5fc68d2deb258a0f']; context = [[109, 137], [69, 96]]; loss = 0.020703
train step 10370; scene = ['b15464eeb58ae743', '5ede369220cc16b1']; context = [[106, 134], [2, 30]]; loss = 0.034156
train step 10380; scene = ['6e0e2ebbf64504fe', '4e671a4706cc7218']; context = [[67, 94], [10, 36]]; loss = 0.021845
train step 10390; scene = ['a8a7011e5635f573', '3b3c3029ddb0c262']; context = [[33, 60], [94, 123]]; loss = 0.035787
train step 10400; scene = ['baab02d64ec03a56', '89c1218ebe194ede']; context = [[19, 45], [23, 49]]; loss = 0.025760
train step 10410; scene = ['7279c612c7891c8d', '04748bdf7ec98ec0']; context = [[32, 58], [47, 75]]; loss = 0.034504
train step 10420; scene = ['aa98ba648f00f90b', 'ddc3ee19dc4af964']; context = [[46, 74], [54, 83]]; loss = 0.025132
train step 10430; scene = ['3d87e63fd75fefab', '516961401bb697f4']; context = [[42, 69], [35, 62]]; loss = 0.017886
train step 10440; scene = ['6b832030952822c0', 'e1d9ade67e615bd8']; context = [[1, 28], [14, 43]]; loss = 0.032986
train step 10450; scene = ['3bb32a3b2180cc43', 'de7bfb8b0e5d5eb7']; context = [[145, 171], [3, 29]]; loss = 0.039054
train step 10460; scene = ['28be161d37f468d0', '130f4012951a6f3c']; context = [[49, 75], [24, 51]]; loss = 0.037088
train step 10470; scene = ['dccbc798209018fd', 'ffc8fc73703a7801']; context = [[41, 67], [233, 260]]; loss = 0.038845
train step 10480; scene = ['a9b7950720515148', 'b7b940096bce069a']; context = [[45, 73], [28, 54]]; loss = 0.034984
train step 10490; scene = ['0d1f13c67d0758eb', '1808ec7cc410028c']; context = [[41, 70], [106, 134]]; loss = 0.043834
train step 10500; scene = ['7ebcfa3f026cbe07', '5a81ed272512c4ad']; context = [[12, 39], [10, 39]]; loss = 0.035765
train step 10510; scene = ['fe97cf55ef4f6e50', 'f5dae12c67f87c1a']; context = [[88, 114], [69, 98]]; loss = 0.020880
train step 10520; scene = ['d8b5a1086c0e2ab1', 'fea26d7b2563b027']; context = [[183, 210], [96, 124]]; loss = 0.029492
train step 10530; scene = ['7258700ff6e92e8f', 'a056e3fa243afc5d']; context = [[108, 135], [17, 46]]; loss = 0.032044
train step 10540; scene = ['a17a8bd5758eb632', '2ea9ca01221db9b7']; context = [[0, 28], [32, 58]]; loss = 0.031578
train step 10550; scene = ['6961e40fcd21225f', '14fffe7e4a09a435']; context = [[35, 63], [4, 30]]; loss = 0.033510
train step 10560; scene = ['4d11e532d98f82b0', '1bfe50354dad5232']; context = [[18, 47], [30, 56]]; loss = 0.036317
train step 10570; scene = ['5dc01b6fd67b6f09', '7ee115fb205f848f']; context = [[92, 118], [154, 183]]; loss = 0.047178
train step 10580; scene = ['0864cf98d012adcf', 'cee46b2523a45a59']; context = [[4, 30], [80, 106]]; loss = 0.021049
train step 10590; scene = ['cd46cda78a86e4ff', '0a4f895d103b3f57']; context = [[45, 72], [54, 82]]; loss = 0.032908
train step 10600; scene = ['e93ef07a12e65021', 'aebba824d31656fe']; context = [[8, 35], [40, 69]]; loss = 0.041954
train step 10610; scene = ['3a192914348dbd61', '3e5be575ccb0f6dc']; context = [[26, 52], [100, 129]]; loss = 0.028277
train step 10620; scene = ['ba66ab644596fa12', 'a367a7587df5e00c']; context = [[22, 51], [197, 224]]; loss = 0.039996
train step 10630; scene = ['ebfd99428653bec9', 'a1e67b5c38a3c0c7']; context = [[80, 106], [52, 81]]; loss = 0.032260
train step 10640; scene = ['820f797585813215', 'a600bc71cd595f32']; context = [[51, 79], [201, 227]]; loss = 0.039173
train step 10650; scene = ['308ec88c1ad9b768', '4f9716bb3dc7feec']; context = [[56, 82], [159, 185]]; loss = 0.025028
train step 10660; scene = ['374735fff335b3de', '112744002d2b3a37']; context = [[213, 239], [8, 37]]; loss = 0.030599
train step 10670; scene = ['56453c8b912ad0f8', '064259812e015154']; context = [[29, 56], [81, 108]]; loss = 0.029933
train step 10680; scene = ['ce11fac2d43ed83b', '3a00bf0557f697bd']; context = [[45, 72], [81, 109]]; loss = 0.030718
train step 10690; scene = ['4d48be6420bc5e40', '43d97e84680e64f1']; context = [[58, 84], [123, 149]]; loss = 0.043860
train step 10700; scene = ['dcc32501d6d299b3', '080d56120107ef6c']; context = [[35, 64], [155, 181]]; loss = 0.034381
train step 10710; scene = ['415c859644b04b77', '599ee2707ffe86d8']; context = [[14, 42], [21, 49]]; loss = 0.031946
train step 10720; scene = ['403afcc00cfc8172', 'f1ac7db52ee3f99c']; context = [[59, 87], [29, 58]]; loss = 0.055142
train step 10730; scene = ['98377a86faf72416', '1c59697ef3c615f9']; context = [[65, 93], [18, 45]]; loss = 0.025373
train step 10740; scene = ['704ffc6f1e9e213e', '539fcc87120692e8']; context = [[193, 220], [24, 51]]; loss = 0.064197
train step 10750; scene = ['b35553efd3f434f6', '5764720de0f328a3']; context = [[37, 66], [22, 49]]; loss = 0.027104
train step 10760; scene = ['b6af041c4c29f066', '7766ed41dc09a8bc']; context = [[8, 35], [83, 109]]; loss = 0.022547
train step 10770; scene = ['e5ff694aee468c12', 'a4a364baa7187169']; context = [[11, 39], [145, 173]]; loss = 0.041608
train step 10780; scene = ['62dfdebbca369218', '08063d60c2b6b08d']; context = [[47, 75], [2, 28]]; loss = 0.039111
train step 10790; scene = ['eb995245e27d4501', '827d4df83d6c97d9']; context = [[98, 124], [54, 81]]; loss = 0.028580
train step 10800; scene = ['89acd0b6b3f8a2d2', 'c8352778f6f46fd7']; context = [[118, 146], [221, 247]]; loss = 0.027714
train step 10810; scene = ['f76feb4610bb70a5', 'ab42a131df988c32']; context = [[9, 36], [74, 102]]; loss = 0.032991
train step 10820; scene = ['3802ddeefb223acf', '5637bc1cceefd79d']; context = [[51, 78], [58, 85]]; loss = 0.034444
train step 10830; scene = ['85cff5568e6f52e7', 'c1481b325e12b444']; context = [[52, 81], [24, 52]]; loss = 0.027486
train step 10840; scene = ['4bd0d8b0f8411adc', '88dc98e74deb6e1f']; context = [[140, 166], [77, 106]]; loss = 0.018838
train step 10850; scene = ['ec22f0604d874d22', '266dadce3be1bb39']; context = [[28, 54], [40, 68]]; loss = 0.058724
train step 10860; scene = ['0da284747a8e4755', '9dfb4143918aeff9']; context = [[119, 145], [35, 64]]; loss = 0.033469
train step 10870; scene = ['b20b69d74585d878', 'e5d9bba19e6090de']; context = [[75, 101], [80, 109]]; loss = 0.024396
train step 10880; scene = ['e9f2b3b91f9a1996', '39d9f692bfb58d80']; context = [[15, 42], [118, 147]]; loss = 0.020977
train step 10890; scene = ['cb5d90f77cc9f861', '0dcb0cad41a1f81b']; context = [[0, 27], [14, 43]]; loss = 0.028943
train step 10900; scene = ['fc303fbf2a93773b', '1c1498bebb83c9d3']; context = [[16, 43], [5, 32]]; loss = 0.032524
train step 10910; scene = ['9c5add8591f693dd', '6c292d2668c5df52']; context = [[79, 108], [17, 44]]; loss = 0.029297
train step 10920; scene = ['df02062f22ce3542', '73b60097c7485165']; context = [[158, 187], [103, 129]]; loss = 0.058920
train step 10930; scene = ['7ff5cb13d38419ec', '8287287f0305b310']; context = [[70, 97], [46, 74]]; loss = 0.033724
train step 10940; scene = ['68c242b83de652e9', '0d036f88d76b0d2d']; context = [[41, 67], [69, 98]]; loss = 0.039507
train step 10950; scene = ['9bc6fbf248bc726e', '7c1d6f3dd9542cc9']; context = [[16, 42], [43, 69]]; loss = 0.057653
train step 10960; scene = ['4e8658949aa96662', '91bb007453a9869a']; context = [[9, 38], [0, 27]]; loss = 0.034165
train step 10970; scene = ['938865f6756c2301', '100c4c3fa1794647']; context = [[52, 78], [22, 50]]; loss = 0.027464
train step 10980; scene = ['d095902f17028960', '4911e381810b09ea']; context = [[18, 47], [217, 243]]; loss = 0.046523
train step 10990; scene = ['e0da837e447b83f9', 'ada41156e463562f']; context = [[170, 199], [121, 147]]; loss = 0.030341
train step 11000; scene = ['de9f2fe2fe21691c', '7f279e25ddd3092a']; context = [[83, 110], [46, 73]]; loss = 0.061212
train step 11010; scene = ['da32a7df6d00de2d', '317b285e38d28b32']; context = [[22, 50], [49, 76]]; loss = 0.027384
train step 11020; scene = ['7766ed41dc09a8bc', 'f1f2e1670095235f']; context = [[88, 116], [33, 59]]; loss = 0.024800
train step 11030; scene = ['64672425f1a104d4', '104130d9aa919eed']; context = [[226, 253], [6, 34]]; loss = 0.039688
train step 11040; scene = ['7e3f87e5affd253f', '3d1834e1cb8a0a56']; context = [[91, 119], [23, 51]]; loss = 0.019829
train step 11050; scene = ['736e4b77ba8cd0df', '05d28b2730b211f3']; context = [[27, 55], [22, 51]]; loss = 0.045306
train step 11060; scene = ['f16cd2121f8be894', 'b2a571084dfde71d']; context = [[82, 110], [61, 87]]; loss = 0.036715
train step 11070; scene = ['47081479d4cd912f', '0f62fa07d5678c66']; context = [[23, 51], [13, 42]]; loss = 0.041850
train step 11080; scene = ['3f13ac8d5f0db195', 'e76eee95e9e5747f']; context = [[63, 92], [7, 33]]; loss = 0.020509
train step 11090; scene = ['6864771ff3d5b8c9', 'd2f26d374cc9fc43']; context = [[87, 114], [22, 48]]; loss = 0.029040
train step 11100; scene = ['01e5a931a368c08a', 'bd2f1a3acfaafaac']; context = [[75, 102], [8, 35]]; loss = 0.026081
train step 11110; scene = ['cc5ec8db174d3ea4', 'f289353b04210ce2']; context = [[3, 29], [51, 80]]; loss = 0.028394
train step 11120; scene = ['727926e871e31d5d', '95d2c6fca1508481']; context = [[46, 72], [132, 158]]; loss = 0.034223
train step 11130; scene = ['4612633dbcb310e0', '9052eaa11b366e90']; context = [[35, 64], [36, 62]]; loss = 0.036085
train step 11140; scene = ['2d4274c201aa3953', '3d180f7db4ceac89']; context = [[11, 40], [38, 66]]; loss = 0.020857
train step 11150; scene = ['cd00b6547676486b', '91a06eeef1c9f640']; context = [[149, 176], [171, 197]]; loss = 0.029865
train step 11160; scene = ['6077f867625ee34a', 'c008476d54d1ee07']; context = [[135, 163], [12, 39]]; loss = 0.043756
train step 11170; scene = ['442383950927e698', '9c84735e520d9928']; context = [[1, 29], [11, 38]]; loss = 0.054356
train step 11180; scene = ['77f1b53620811084', 'fae720ba974b84fa']; context = [[29, 57], [0, 26]]; loss = 0.051275
train step 11190; scene = ['b029a9bcd2651daf', '6a8fa817af9fabbe']; context = [[4, 30], [22, 48]]; loss = 0.028952
train step 11200; scene = ['96af5eae32884a38', 'bd1bc8c20a660a96']; context = [[101, 130], [40, 69]]; loss = 0.037472
train step 11210; scene = ['cf191fc42119779d', 'd824ca7f84872f21']; context = [[55, 81], [9, 38]]; loss = 0.031008
train step 11220; scene = ['92087cd1fe458a9e', '9f3db50376623c8f']; context = [[57, 85], [109, 137]]; loss = 0.032389
train step 11230; scene = ['cdb0d3a7b60a297d', '4ded834533bbead0']; context = [[3, 29], [26, 55]]; loss = 0.036661
train step 11240; scene = ['1f4505aceb623cad', '4734e02082441a9e']; context = [[67, 94], [15, 43]]; loss = 0.031588
train step 11250; scene = ['aec0a7926fffa8cf', '098253fb88af94b2']; context = [[14, 43], [1, 29]]; loss = 0.035370
train step 11260; scene = ['08751a636714627d', 'bd242939c1449d8e']; context = [[31, 60], [24, 53]]; loss = 0.023167
train step 11270; scene = ['754711913b00c193', 'df78723619969e5f']; context = [[84, 113], [4, 31]]; loss = 0.034223
train step 11280; scene = ['01e5938d001f9529', '1faa218ca6499b79']; context = [[41, 67], [48, 75]]; loss = 0.033605
train step 11290; scene = ['8c28c08ae1073c93', '8b135d931be60e96']; context = [[126, 155], [120, 147]]; loss = 0.036121
train step 11300; scene = ['a6b381f7e736bb58', '10f1c7cda244255d']; context = [[0, 27], [21, 48]]; loss = 0.040371
train step 11310; scene = ['5258ae529f43e083', 'f36ad32e649117b0']; context = [[19, 47], [17, 43]]; loss = 0.023873
train step 11320; scene = ['480284b9570c6f99', '3352dc8efda190e0']; context = [[23, 51], [202, 231]]; loss = 0.030424
train step 11330; scene = ['96e0dd87c09dd1a8', '2035595ebba23bac']; context = [[196, 223], [43, 72]]; loss = 0.034817
train step 11340; scene = ['b971447d48d42607', 'd204a75d5c724077']; context = [[42, 71], [90, 119]]; loss = 0.043831
train step 11350; scene = ['36be11bd06d2ef68', 'af1e0e38c0da060c']; context = [[54, 81], [16, 43]]; loss = 0.026279
train step 11360; scene = ['f7244012cfb7173a', 'd5292d56b1eea85b']; context = [[1, 27], [239, 265]]; loss = 0.027831
train step 11370; scene = ['2e8f22d6e88e516f', 'e4169ebd4ebb1035']; context = [[10, 38], [43, 69]]; loss = 0.033828
train step 11380; scene = ['003908a8fa818d50', '7703f6f3dd2f91ef']; context = [[18, 47], [65, 94]]; loss = 0.031854
train step 11390; scene = ['4cf65a1289e50ab6', 'daaa71034676a92f']; context = [[62, 90], [20, 46]]; loss = 0.031347
train step 11400; scene = ['66d961b1e63c7414', '2f681eb286f9233d']; context = [[131, 160], [1, 29]]; loss = 0.026878
train step 11410; scene = ['f0962de86ac20fbf', 'b0b36df501ec7957']; context = [[68, 95], [166, 193]]; loss = 0.027395
train step 11420; scene = ['51b6e63c903275b4', '78d31bc844cb6ca3']; context = [[155, 183], [45, 71]]; loss = 0.024753
train step 11430; scene = ['48799e8ef6cc5042', '44f17fe29a4251b1']; context = [[7, 34], [25, 52]]; loss = 0.032223
train step 11440; scene = ['73382c0b5120aabd', 'a49b348548dac198']; context = [[34, 61], [23, 50]]; loss = 0.035099
train step 11450; scene = ['3352dc8efda190e0', '1c39941bc95d3456']; context = [[41, 68], [2, 28]]; loss = 0.042108
train step 11460; scene = ['41e5738d1ee47621', 'b276aa50c2dee60a']; context = [[49, 78], [21, 47]]; loss = 0.028874
train step 11470; scene = ['5fb8e9b538312526', '6e265cfc58ee5e9e']; context = [[2, 31], [15, 43]]; loss = 0.021545
train step 11480; scene = ['15aa80e12e6979f3', '27bfd6d0353eeffa']; context = [[206, 233], [22, 51]]; loss = 0.023684
train step 11490; scene = ['606b22ad1a72ec2a', '63ccdd61742e8f26']; context = [[42, 69], [148, 175]]; loss = 0.026636
train step 11500; scene = ['bb3e352ee6959d9d', '6ca7f051fa8000be']; context = [[90, 119], [128, 154]]; loss = 0.028667
train step 11510; scene = ['1ad9f607c3524332', 'eb5972716aff7e46']; context = [[227, 255], [58, 87]]; loss = 0.025404
train step 11520; scene = ['3dd01f2ce2d419ce', '2bb1996e6f083abe']; context = [[6, 32], [14, 41]]; loss = 0.042528
train step 11530; scene = ['87cf67eb997323d1', '8fb9269b9c14cf80']; context = [[50, 79], [62, 90]]; loss = 0.043383
train step 11540; scene = ['e612d7ac6a0649ac', 'a13f48fb07642d90']; context = [[25, 51], [32, 59]]; loss = 0.030260
train step 11550; scene = ['3db7a3442e8d1781', 'c15a92c8117c7c9e']; context = [[80, 106], [15, 44]]; loss = 0.049236
train step 11560; scene = ['93c4c2fa3994080e', 'e48218dcf5a6fcb4']; context = [[122, 148], [172, 199]]; loss = 0.039512
train step 11570; scene = ['43afc7d30bc60f7a', '68a8baf91b21a89c']; context = [[140, 166], [17, 45]]; loss = 0.038044
train step 11580; scene = ['65ccf58cb9e06520', 'ded16f5146ce93ad']; context = [[5, 33], [43, 73]]; loss = 0.042574
train step 11590; scene = ['81eb6c7798c391a1', '38d897635c61c8c9']; context = [[10, 39], [46, 74]]; loss = 0.036318
train step 11600; scene = ['b7ce83af117bba95', '4ae447fcc0d0c2f9']; context = [[80, 110], [27, 53]]; loss = 0.046328
train step 11610; scene = ['7fc86aebaeb488c0', '9be866e749e9cff2']; context = [[32, 60], [20, 47]]; loss = 0.033229
train step 11620; scene = ['f7208599a9ee6210', '64771614a9c51005']; context = [[39, 65], [18, 47]]; loss = 0.036023
train step 11630; scene = ['b36e08c9639805a6', '06e84efaec258266']; context = [[0, 29], [71, 97]]; loss = 0.021216
train step 11640; scene = ['4dbe8740d992c3ff', '7f13d0519277357a']; context = [[164, 193], [32, 58]]; loss = 0.026583
train step 11650; scene = ['bfce7c19f183716e', '93b7f5d8fd02fc85']; context = [[10, 40], [56, 86]]; loss = 0.036167
train step 11660; scene = ['153403ea07df9eda', 'af0c2e217035b91b']; context = [[60, 90], [20, 47]]; loss = 0.035208
train step 11670; scene = ['88a0e9bc46f4e05e', 'e598d96fa007cde0']; context = [[209, 239], [104, 131]]; loss = 0.029680
train step 11680; scene = ['90aa0552b3b1f101', 'c1aa18b6fbb10587']; context = [[45, 71], [30, 56]]; loss = 0.025898
train step 11690; scene = ['861a970a54cc1efb', 'c403c63210eaef23']; context = [[30, 57], [27, 56]]; loss = 0.026717
train step 11700; scene = ['0fcc8db684319a64', 'dcbbcd6f5add127b']; context = [[8, 34], [0, 30]]; loss = 0.027064
train step 11710; scene = ['39bcb80c02b8b0f0', '0678547e251bcd60']; context = [[23, 52], [7, 34]]; loss = 0.030120
train step 11720; scene = ['996074b95549ba5e', '04f090fd282ec1a7']; context = [[30, 60], [31, 59]]; loss = 0.024168
train step 11730; scene = ['6f95fa3faec14a33', '19f4a3b6456d5180']; context = [[53, 81], [0, 29]]; loss = 0.023034
train step 11740; scene = ['6882e4590bb8ff85', '61d39a97cb69d99f']; context = [[66, 93], [15, 45]]; loss = 0.037040
train step 11750; scene = ['02edd480c0e41501', '5f2c6110d2bfb3c0']; context = [[68, 95], [33, 62]]; loss = 0.030399
train step 11760; scene = ['678d8464781a3de2', '27acee38db3d2440']; context = [[11, 39], [24, 52]]; loss = 0.033664
train step 11770; scene = ['ca0654a08cea1999', '16963eaf7a052feb']; context = [[52, 79], [175, 202]]; loss = 0.052579
train step 11780; scene = ['c6a25a9741194cb2', '31ad5d8a976a62a4']; context = [[98, 126], [239, 266]]; loss = 0.056009
train step 11790; scene = ['56c55ad7d6e9ba24', 'f01f40f7f94eb98e']; context = [[41, 71], [43, 69]]; loss = 0.053556
train step 11800; scene = ['cdb6719712d3b074', 'f91702f19351f9da']; context = [[23, 51], [149, 176]]; loss = 0.038635
train step 11810; scene = ['e21ba1cf06f699d3', 'f98b385d512df3f7']; context = [[97, 127], [46, 76]]; loss = 0.030758
train step 11820; scene = ['06e612fc38eef7a7', '196a7b8a7977b6c7']; context = [[251, 277], [8, 38]]; loss = 0.039631
train step 11830; scene = ['124fad5eaad70aa8', '3eba2babc6d32260']; context = [[0, 27], [36, 65]]; loss = 0.031362
train step 11840; scene = ['d83baada13bf5140', '777444de006226ce']; context = [[33, 62], [64, 93]]; loss = 0.025112
train step 11850; scene = ['11dc508e23271ffe', 'b713e99a79e03637']; context = [[27, 54], [138, 168]]; loss = 0.026791
train step 11860; scene = ['bf0b8493fde40469', 'f6dd643a4e792839']; context = [[102, 132], [27, 57]]; loss = 0.053977
train step 11870; scene = ['4da37b55d1d3f55a', 'ac7dc6792b6062ba']; context = [[6, 32], [167, 195]]; loss = 0.030611
train step 11880; scene = ['8102b15a3f244713', '69a46538362147d5']; context = [[155, 181], [61, 89]]; loss = 0.027408
train step 11890; scene = ['e8aa979b9c08c390', '3a335491813084e0']; context = [[84, 112], [27, 57]]; loss = 0.027867
train step 11900; scene = ['241b22de8a7a2881', 'e6dd54eaac12391b']; context = [[185, 214], [57, 83]]; loss = 0.026883
train step 11910; scene = ['281d6d0be3fa61b8', '4465d9c64a7e061a']; context = [[101, 131], [101, 131]]; loss = 0.028974
train step 11920; scene = ['c872337ba8bfe518', '212b7aaaf7ca61b8']; context = [[7, 33], [31, 57]]; loss = 0.035363
train step 11930; scene = ['d9df345fe1518eec', '0b4ee64f2a7787a3']; context = [[179, 205], [2, 30]]; loss = 0.043859
train step 11940; scene = ['7dd74970fdc4c81b', 'b6af197151ca0543']; context = [[75, 101], [28, 55]]; loss = 0.033256
train step 11950; scene = ['f18a75f6410594c4', '45213ca7da718f95']; context = [[76, 104], [19, 48]]; loss = 0.042865
train step 11960; scene = ['56fe6095311b0b06', 'eed911184d146626']; context = [[31, 58], [58, 88]]; loss = 0.023892
train step 11970; scene = ['d9121fd963a819a3', 'ba1bcba228f782e7']; context = [[77, 105], [145, 174]]; loss = 0.030192
train step 11980; scene = ['4a7540ddf1dbab69', 'ac1697324e3cba79']; context = [[44, 72], [58, 85]]; loss = 0.047356
train step 11990; scene = ['50632d01cdc990e2', 'c35feeb614d88e17']; context = [[1, 27], [2, 31]]; loss = 0.024053
validation step 12000; scene = ['45592a7f307bccd0']; context = [[22, 49]]
train step 12000; scene = ['beb1dd411fbbbddf', 'ac45c4c003b301fa']; context = [[0, 30], [4, 34]]; loss = 0.026973
train step 12010; scene = ['058f48cac20e0e91', 'df72226fdf79cce1']; context = [[130, 156], [180, 209]]; loss = 0.036311
train step 12020; scene = ['9783eab48a41e20f', '6311f7f59a5b58bd']; context = [[30, 56], [51, 78]]; loss = 0.054066
train step 12030; scene = ['bbe174f58efa95da', 'b7ca416a1be2fb3f']; context = [[38, 68], [41, 70]]; loss = 0.029226
train step 12040; scene = ['37934ab378545cbd', '7776d22b2a8132b6']; context = [[28, 57], [41, 68]]; loss = 0.035993
train step 12050; scene = ['d43b2589bfad420d', 'f60634cf55eaf7a6']; context = [[103, 130], [20, 49]]; loss = 0.040103
train step 12060; scene = ['0c1ac606620e5238', 'b2569229b71e0bf8']; context = [[151, 177], [6, 34]]; loss = 0.030433
train step 12070; scene = ['63451a162b7a6589', '6c2e8304296b57cc']; context = [[7, 33], [44, 74]]; loss = 0.030475
train step 12080; scene = ['eb60b162a280124d', 'e281e9def71a5d75']; context = [[61, 87], [10, 37]]; loss = 0.040705
train step 12090; scene = ['7328a7f5360fd6bf', 'a516469d68eb2932']; context = [[57, 86], [25, 51]]; loss = 0.021778
train step 12100; scene = ['d32e3b03162b884b', 'b7e2ea59305a1291']; context = [[0, 28], [11, 37]]; loss = 0.027452
train step 12110; scene = ['84c73e4976f859ef', '8cb7643bb7bf41ae']; context = [[7, 36], [214, 240]]; loss = 0.041538
train step 12120; scene = ['7546a4733dd1d072', 'ec0daf16786dc234']; context = [[43, 70], [3, 32]]; loss = 0.020841
train step 12130; scene = ['9d225d862634015b', '6eb91624364aaa65']; context = [[2, 31], [42, 70]]; loss = 0.026566
train step 12140; scene = ['e5843b53d5d73177', '04b1b1907a571739']; context = [[7, 33], [49, 77]]; loss = 0.022934
train step 12150; scene = ['6e09af7c60023293', '31da0a27f94b7b08']; context = [[9, 38], [156, 183]]; loss = 0.038664
train step 12160; scene = ['d5835fb2f9cdf90d', '85ccc785967a3105']; context = [[71, 98], [43, 73]]; loss = 0.032546
train step 12170; scene = ['9987f0ef7de24e92', 'a1544b2525f885ef']; context = [[33, 61], [26, 53]]; loss = 0.044328
train step 12180; scene = ['f0c98d9d2b7f6b25', '226f31dcfdaf71f6']; context = [[3, 33], [55, 84]]; loss = 0.029176
train step 12190; scene = ['acc62473df85b047', 'd4838e987d85074e']; context = [[2, 31], [46, 73]]; loss = 0.033289
train step 12200; scene = ['53b0ffee8c3800fd', '30864bca8dde88a6']; context = [[5, 33], [33, 59]]; loss = 0.026738
train step 12210; scene = ['eb9e48a39e18f88c', '6bcc23e1031228e1']; context = [[52, 80], [21, 48]]; loss = 0.031617
train step 12220; scene = ['7f77277a848125f9', '92e7ee929a1ee2b6']; context = [[186, 215], [125, 155]]; loss = 0.021681
train step 12230; scene = ['e8e63428804a5980', '6f87ded85440c7ff']; context = [[66, 95], [65, 93]]; loss = 0.027637
train step 12240; scene = ['c24a8b6d5124b2b4', '1d66a2513c373c06']; context = [[8, 34], [30, 59]]; loss = 0.036165
train step 12250; scene = ['a48313d0aaaebffc', '4383610b9ef9bf1b']; context = [[43, 73], [70, 97]]; loss = 0.020624
train step 12260; scene = ['4b4be093763b85cb', '3dcdd067dab98b19']; context = [[98, 126], [2, 32]]; loss = 0.028404
train step 12270; scene = ['1466acc0fa317181', '33913957b62dabc4']; context = [[9, 37], [94, 124]]; loss = 0.039900
train step 12280; scene = ['a09f861cea263471', '3e00e3d2ffba3e7d']; context = [[45, 73], [101, 129]]; loss = 0.030799
train step 12290; scene = ['a7e5c2b2c8fe38eb', 'd821b84ef7e2c186']; context = [[15, 42], [20, 50]]; loss = 0.026999
train step 12300; scene = ['4aab38e2291002e2', '857d3057983ec0e4']; context = [[185, 213], [54, 82]]; loss = 0.029682
train step 12310; scene = ['146ab7cfd6c40080', '374db1b7332138aa']; context = [[41, 67], [73, 101]]; loss = 0.033359
train step 12320; scene = ['9b5e2c34608774a6', '8878e3e5da03fac7']; context = [[35, 61], [45, 74]]; loss = 0.020985
train step 12330; scene = ['5447aec702e4ee98', 'f7250d685b344afe']; context = [[1, 27], [183, 210]]; loss = 0.044319
train step 12340; scene = ['d994b54d0c38f6a5', 'e423eafb08231cab']; context = [[9, 35], [9, 35]]; loss = 0.046844
train step 12350; scene = ['89610e2709f7fe4a', '172007be3056a5e3']; context = [[38, 65], [94, 124]]; loss = 0.038219
train step 12360; scene = ['6e3dfded6a7f3fa6', 'fd9625e01240c2a3']; context = [[216, 246], [12, 38]]; loss = 0.036313
train step 12370; scene = ['c995ce06eef54732', '1ed35ac17e62e112']; context = [[40, 66], [17, 43]]; loss = 0.035877
train step 12380; scene = ['e8e380556eb3a9f4', 'daed58d6174274ec']; context = [[30, 59], [35, 63]]; loss = 0.040025
train step 12390; scene = ['7dd657f7a4c836ad', '02314047509da14e']; context = [[79, 107], [7, 37]]; loss = 0.035766
train step 12400; scene = ['7239fd8fd4634a8a', '7a01f2fd6c6a119a']; context = [[0, 26], [162, 191]]; loss = 0.035086
train step 12410; scene = ['f1cf958f0ba8dd63', 'f7a49680ebfc586b']; context = [[11, 39], [38, 68]]; loss = 0.030797
train step 12420; scene = ['8f5bf0a04e1fe836', '1771f9a05d822be2']; context = [[1, 28], [5, 31]]; loss = 0.033150
train step 12430; scene = ['917b7ca27cd3e764', 'c4aa2ab123fd8eb7']; context = [[8, 36], [6, 36]]; loss = 0.026016
train step 12440; scene = ['6daed58f9f82a5ca', 'da0fad2070e6c0dd']; context = [[24, 52], [22, 50]]; loss = 0.031980
train step 12450; scene = ['1cf3054fc373947b', '30bad8b99b0649cc']; context = [[68, 94], [53, 79]]; loss = 0.036147
train step 12460; scene = ['057b98eba6da2fc1', '95b4a414682abff2']; context = [[44, 72], [33, 59]]; loss = 0.023397
train step 12470; scene = ['d0c6d0c46eb130ea', '093f98ee806dc5ae']; context = [[67, 97], [65, 92]]; loss = 0.039415
train step 12480; scene = ['2b2e393414434d21', '9fafd7aeeaddf68d']; context = [[63, 89], [88, 118]]; loss = 0.036098
train step 12490; scene = ['187574c1c6b88d66', '5a108aa4cc3921a1']; context = [[155, 182], [5, 31]]; loss = 0.025903
train step 12500; scene = ['4aea1d41655b1edf', '83f6f1d6f7bc3145']; context = [[6, 33], [68, 95]]; loss = 0.029367
train step 12510; scene = ['008b073e9b710630', 'f6968d2c29ac163b']; context = [[75, 103], [230, 259]]; loss = 0.041265
train step 12520; scene = ['87f1e7486245b241', '3177edcd703f2ada']; context = [[41, 69], [2, 32]]; loss = 0.031827
train step 12530; scene = ['7cbb764b7aa8a1d4', 'a8a9227f5d789eb5']; context = [[103, 129], [100, 130]]; loss = 0.030611
train step 12540; scene = ['7f76f2a8f269ce26', '0d98f880b82f6094']; context = [[3, 30], [26, 52]]; loss = 0.023586
train step 12550; scene = ['f46ccfe3474b9dca', 'd14f895ef004feb7']; context = [[0, 29], [43, 72]]; loss = 0.022181
train step 12560; scene = ['0be71613432d3b54', 'bcb6f212ffe46cab']; context = [[77, 107], [6, 36]]; loss = 0.023475
train step 12570; scene = ['654b984035c8e861', 'ba76ae55718c204b']; context = [[17, 46], [31, 60]]; loss = 0.035505
train step 12580; scene = ['f3c60f58000d1e09', 'f52133a15e87c234']; context = [[32, 62], [99, 127]]; loss = 0.030099
train step 12590; scene = ['eec53be04c7fa7bb', 'b103dbafd2c119f4']; context = [[27, 53], [2, 30]]; loss = 0.034445
train step 12600; scene = ['41c72cd693116118', '99e60f10e4d0acb3']; context = [[14, 44], [12, 40]]; loss = 0.036132
train step 12610; scene = ['4d0c2481182d6b42', '362336fc9e531a0a']; context = [[9, 35], [45, 75]]; loss = 0.027537
train step 12620; scene = ['bfb5551b6819ae8e', '08435fff1c2ec4d8']; context = [[4, 33], [61, 88]]; loss = 0.051448
train step 12630; scene = ['42f98534c78afb57', '0f1b3073367716aa']; context = [[29, 57], [16, 44]]; loss = 0.049803
train step 12640; scene = ['d29eac762e09103b', '6583004edc10b2ab']; context = [[46, 75], [156, 184]]; loss = 0.033975
train step 12650; scene = ['ac64989dd2b2a22a', '2b0577494f564adf']; context = [[48, 78], [46, 76]]; loss = 0.029163
train step 12660; scene = ['31bdd3ef9c2cb639', '13f1750202277c01']; context = [[5, 33], [31, 57]]; loss = 0.036889
train step 12670; scene = ['03f2504123909705', '246ea07f84d23963']; context = [[14, 43], [9, 39]]; loss = 0.065671
train step 12680; scene = ['3977e67f033992e8', '6955cf41eb23fe3b']; context = [[1, 28], [3, 30]]; loss = 0.027783
train step 12690; scene = ['619ec1868bb4fff2', '89cd0268f557d0f6']; context = [[8, 38], [10, 38]]; loss = 0.039811
train step 12700; scene = ['8f9b2fc1d42464eb', 'f88cbcfc183291a7']; context = [[225, 252], [0, 30]]; loss = 0.046654
train step 12710; scene = ['8da4bcb68f4b2ad2', '9b7d2f41b5b5f00d']; context = [[52, 80], [137, 167]]; loss = 0.027985
train step 12720; scene = ['d48e9c044f2ccbfe', '244dbf1bd5bec33f']; context = [[137, 166], [189, 219]]; loss = 0.032981
train step 12730; scene = ['0dfb03fcf8e36e06', '229d95aa1bf21e73']; context = [[35, 65], [11, 40]]; loss = 0.067376
train step 12740; scene = ['0ef59c22e26c6d00', '823a3c23a9602137']; context = [[2, 30], [34, 60]]; loss = 0.087908
train step 12750; scene = ['3e96e6f2c7c8826f', '63808c84d7b4507a']; context = [[55, 81], [6, 32]]; loss = 0.042227
train step 12760; scene = ['30690a825a09d9b9', 'c2c4a91bbabf2d59']; context = [[22, 52], [85, 111]]; loss = 0.045775
train step 12770; scene = ['17e071f027c54b55', 'c798126c9e920dcc']; context = [[114, 141], [13, 43]]; loss = 0.048529
train step 12780; scene = ['b19a7215b055242b', 'eb2eef5defd58c1f']; context = [[1, 30], [7, 34]]; loss = 0.038947
train step 12790; scene = ['725f481fab8e2580', '5df213c50ee1cd88']; context = [[49, 75], [3, 29]]; loss = 0.046850
train step 12800; scene = ['e0fcae3ca687d8d8', 'e0571f83ad356343']; context = [[99, 128], [43, 73]]; loss = 0.045463
train step 12810; scene = ['06a4df55f3b8534b', 'f0e29b62f607dc08']; context = [[1, 29], [35, 64]]; loss = 0.029552
train step 12820; scene = ['17234337105b4fab', '58535fae1ec6f6a6']; context = [[41, 68], [26, 56]]; loss = 0.046744
train step 12830; scene = ['c8fb5b08fc659b2f', '8db7d797ceab1fb9']; context = [[59, 85], [31, 57]]; loss = 0.032310
train step 12840; scene = ['ab15652924c55ca3', '885587f42ee4e11e']; context = [[1, 28], [18, 44]]; loss = 0.026446
train step 12850; scene = ['67c392fa9c39f4a9', 'e56a6d31db649cb9']; context = [[67, 96], [68, 97]]; loss = 0.035672
train step 12860; scene = ['44a1b98a02b5ac08', '8f975d339173531f']; context = [[67, 94], [24, 54]]; loss = 0.043126
train step 12870; scene = ['1ac86acb340bc4b1', '9d3785df6817e083']; context = [[105, 131], [207, 237]]; loss = 0.029293
train step 12880; scene = ['5be549a6c70442c5', '2e5d2e485266da3f']; context = [[53, 80], [75, 103]]; loss = 0.025011
train step 12890; scene = ['3d3305ac219ed2b0', 'b14218425de581a3']; context = [[33, 62], [27, 57]]; loss = 0.031384
train step 12900; scene = ['154ffc3f70fe9019', '2c4bf4c81f761386']; context = [[61, 88], [97, 126]]; loss = 0.027397
train step 12910; scene = ['284acf34f18ddb91', 'b848a571e61f54b9']; context = [[21, 51], [1, 29]]; loss = 0.055076
train step 12920; scene = ['3c23951861654d1e', 'e8f6e95b1ed22c4c']; context = [[149, 178], [26, 53]]; loss = 0.028694
train step 12930; scene = ['4a8049ca04aa4b71', '4fb73f715c4216bf']; context = [[148, 178], [3, 32]]; loss = 0.029656
train step 12940; scene = ['833a926bffae76bb', '27fb29e6808a6dc0']; context = [[1, 27], [53, 81]]; loss = 0.032348
train step 12950; scene = ['7083621671d01c4d', 'd725ecb952a8a20b']; context = [[44, 74], [22, 49]]; loss = 0.023210
train step 12960; scene = ['1413db38e3f70b4e', 'eac342d936e459d0']; context = [[101, 129], [2, 29]]; loss = 0.032290
train step 12970; scene = ['596fede91ed244cc', '7ec939e259cc48f3']; context = [[5, 33], [7, 34]]; loss = 0.032743
train step 12980; scene = ['a160e085a31100e7', '40d581ea805e4a38']; context = [[11, 40], [66, 93]]; loss = 0.028523
train step 12990; scene = ['3de5c60abf559a69', '2dfa7cf25db7aa64']; context = [[18, 44], [61, 91]]; loss = 0.030677
train step 13000; scene = ['2a55d92d5f3faa8d', '1dc5af7d03596b0f']; context = [[15, 45], [11, 40]]; loss = 0.023723
train step 13010; scene = ['45be4bdfc2b294b2', '7efd5aa344bcb8d9']; context = [[13, 40], [84, 111]]; loss = 0.051731
train step 13020; scene = ['292a5b35c55aa177', '359f7d0c8992f78b']; context = [[55, 81], [58, 87]]; loss = 0.031096
train step 13030; scene = ['668afe07ab9d386f', '1ab95b70ec904d06']; context = [[86, 114], [15, 43]]; loss = 0.028644
train step 13040; scene = ['5360a2b8d3aabb9f', '7b0c59855bb150f6']; context = [[42, 68], [9, 36]]; loss = 0.027560
train step 13050; scene = ['165b637923e5e925', 'bf69ec4556155b9c']; context = [[16, 45], [83, 110]]; loss = 0.038507
train step 13060; scene = ['a924aad5ec2cfb5e', '6d559d651e33ea33']; context = [[40, 69], [8, 34]]; loss = 0.030053
train step 13070; scene = ['2ae0b4fbdb7956bc', '2aa322a93bf1348c']; context = [[18, 44], [90, 116]]; loss = 0.023333
train step 13080; scene = ['7fa2d5cb57f1561f', '7c95ece5379f4f34']; context = [[10, 36], [44, 70]]; loss = 0.050276
train step 13090; scene = ['19b10eae955dd969', '5f75fb00f3749558']; context = [[22, 51], [160, 188]]; loss = 0.029375
train step 13100; scene = ['cb1ecfd7427463e3', '927a91d4f0d12802']; context = [[170, 199], [17, 46]]; loss = 0.038590
train step 13110; scene = ['9ffafe5ae44cb7e6', 'f897471b84a227ac']; context = [[161, 190], [29, 58]]; loss = 0.030227
train step 13120; scene = ['b8d5a6fff9e568dc', '7f81ce718f7eae1a']; context = [[23, 53], [147, 173]]; loss = 0.036982
train step 13130; scene = ['9c0bde40c33eb71c', '47d5b1834962293d']; context = [[18, 46], [61, 88]]; loss = 0.054772
train step 13140; scene = ['9ed114875c016678', '92dbf4ea81789631']; context = [[18, 45], [12, 40]]; loss = 0.035200
train step 13150; scene = ['60e8f97b17c76a05', '1b7de7185dbc301e']; context = [[107, 137], [201, 230]]; loss = 0.024166
train step 13160; scene = ['0eb1437262133d78', '5edf50794aa6642b']; context = [[24, 54], [136, 163]]; loss = 0.035635
train step 13170; scene = ['0b963fdcecb63487', 'da362f7f12153eb4']; context = [[86, 114], [79, 109]]; loss = 0.029223
train step 13180; scene = ['0fbf74f0807a4caf', 'a0d29e9989811e9f']; context = [[63, 92], [52, 80]]; loss = 0.032643
train step 13190; scene = ['163e2dae752f2e08', '9a5201a21290371f']; context = [[55, 84], [237, 263]]; loss = 0.021267
train step 13200; scene = ['3db875cdaf4aa738', '67cf459986d45ea4']; context = [[61, 90], [9, 37]]; loss = 0.019220
train step 13210; scene = ['02974a46356730d0', 'b3259b93d42302e4']; context = [[6, 34], [44, 73]]; loss = 0.032070
train step 13220; scene = ['eeb5c563af1bd027', '9f1176b8b75fa7c7']; context = [[24, 54], [20, 46]]; loss = 0.022115
train step 13230; scene = ['3840c776490b3c9e', '9a55eb0408491b0d']; context = [[84, 112], [41, 69]]; loss = 0.031519
train step 13240; scene = ['9c06937735b5e345', 'a725bad131d5806d']; context = [[3, 33], [34, 63]]; loss = 0.034084
train step 13250; scene = ['0505defd59ecbdb2', 'e952686fc1738a61']; context = [[124, 151], [64, 93]]; loss = 0.020875
train step 13260; scene = ['c5fe5cd302a4321c', '70b378b1c3ad3829']; context = [[160, 188], [28, 58]]; loss = 0.029211
train step 13270; scene = ['5e1a097958039de3', '8eb8e4b1dfd6afbd']; context = [[167, 196], [49, 75]]; loss = 0.033083
train step 13280; scene = ['5bb09c5a46c372d6', '42832be11a0bf2b5']; context = [[48, 74], [84, 110]]; loss = 0.038146
train step 13290; scene = ['883e140a4e364095', '78948981bc323a0e']; context = [[8, 37], [0, 26]]; loss = 0.030747
train step 13300; scene = ['26a2b04d9f1dd7b2', '8bea2fa96b546575']; context = [[7, 34], [58, 88]]; loss = 0.031240
train step 13310; scene = ['a0f7572e76d87441', '831726901a7498fc']; context = [[31, 57], [6, 36]]; loss = 0.043130
train step 13320; scene = ['3f23fde9f471891d', '824c0e56d62f7342']; context = [[69, 97], [127, 154]]; loss = 0.040947
train step 13330; scene = ['9118acc3b937529a', '0004866ca872087c']; context = [[9, 38], [58, 87]]; loss = 0.025804
train step 13340; scene = ['168375021f9bb72d', '87d840cfccb47c75']; context = [[3, 31], [34, 63]]; loss = 0.051634
train step 13350; scene = ['650d86f52cef496a', '43bb5f6926547aae']; context = [[78, 104], [13, 41]]; loss = 0.034750
train step 13360; scene = ['6c23d0b82faed662', '9416bedb61dd7c0b']; context = [[139, 166], [33, 60]]; loss = 0.050731
train step 13370; scene = ['c43469ca9350d88b', 'be15a3c0fd266f0f']; context = [[32, 59], [3, 30]]; loss = 0.028555
train step 13380; scene = ['9693cbca200b4f6b', 'aedfba3f04e24043']; context = [[18, 45], [28, 57]]; loss = 0.041187
train step 13390; scene = ['cf705560e53638f7', '87ffb21238d4c43b']; context = [[196, 226], [109, 137]]; loss = 0.060891
train step 13400; scene = ['9e6057bb35a73a84', 'a46e7baeca18297a']; context = [[68, 95], [11, 41]]; loss = 0.022516
train step 13410; scene = ['7b76a92fa62c4c69', '0b4748c575a0b84e']; context = [[110, 137], [17, 43]]; loss = 0.027018
train step 13420; scene = ['60d2537a38149999', '9e15fbc719ab1e4a']; context = [[37, 63], [64, 92]]; loss = 0.028217
train step 13430; scene = ['54d9fc8cdfeb4ba3', '30fd6dd5947f5bdf']; context = [[12, 40], [24, 50]]; loss = 0.037083
train step 13440; scene = ['5ad0327426e3718b', 'f35c7fc7d001fc2d']; context = [[33, 63], [8, 36]]; loss = 0.032755
train step 13450; scene = ['621e633ba31f6370', 'a8398810876faa58']; context = [[94, 123], [60, 88]]; loss = 0.029832
train step 13460; scene = ['adaa73f8ce40388c', '511cd19f7c9e1e5b']; context = [[104, 132], [2, 31]]; loss = 0.029359
train step 13470; scene = ['0ea7729a41de01f0', '27d7650462d5f41e']; context = [[2, 29], [128, 156]]; loss = 0.027005
train step 13480; scene = ['c647b5c9b5ff2e0c', '52a4f713b01a5a58']; context = [[6, 36], [7, 35]]; loss = 0.023159
train step 13490; scene = ['5061d6e64c05022b', 'd220b5a896dd7fe1']; context = [[174, 200], [155, 181]]; loss = 0.025169
train step 13500; scene = ['ad923f1df8199a76', 'c72bebd575f2bba0']; context = [[27, 55], [9, 38]]; loss = 0.043529
train step 13510; scene = ['2ac22d87de85c86f', 'db4676b09d10dbd5']; context = [[106, 134], [38, 65]]; loss = 0.037810
train step 13520; scene = ['e9837742fb349627', 'dc8269527ef3ce45']; context = [[18, 44], [86, 113]]; loss = 0.019695
train step 13530; scene = ['d27285f7d9be1c5d', '7ae631639bd84d28']; context = [[126, 156], [8, 38]]; loss = 0.023028
train step 13540; scene = ['d0a37ee36c554b61', 'a050ff56fbb4233a']; context = [[236, 262], [69, 98]]; loss = 0.023152
train step 13550; scene = ['241096ca94ccb259', 'bf0755be50798d45']; context = [[6, 32], [35, 64]]; loss = 0.039446
train step 13560; scene = ['0f3d070f4b358f54', '6c31b1dc128b49d7']; context = [[142, 171], [104, 133]]; loss = 0.031369
train step 13570; scene = ['edfe56997f23fd03', 'ac635718f0df20ce']; context = [[44, 71], [35, 62]]; loss = 0.035889
train step 13580; scene = ['b74cd30ef141705d', 'ffda743d376dcde8']; context = [[51, 81], [48, 74]]; loss = 0.047262
train step 13590; scene = ['b7d82c5309a92af1', 'f61c95386152c60a']; context = [[7, 34], [38, 65]]; loss = 0.049074
train step 13600; scene = ['a6377dfb4e94b6a5', '25b4a4bd7f750a5e']; context = [[6, 34], [10, 36]]; loss = 0.035556
train step 13610; scene = ['1eaa9fc083b6f746', '147af6c3540e5204']; context = [[34, 64], [41, 70]]; loss = 0.029831
train step 13620; scene = ['3f14828a1957b7f0', 'b06c4b68ab1718fa']; context = [[54, 84], [51, 81]]; loss = 0.022333
train step 13630; scene = ['eef123055b3c48f5', 'fdea0d77c74e62d8']; context = [[175, 204], [169, 198]]; loss = 0.023980
train step 13640; scene = ['8d1c21696859cfa4', 'eb0ab00754559fc2']; context = [[41, 70], [20, 50]]; loss = 0.045326
train step 13650; scene = ['5fce462dcd2dd40b', 'c65722e2f57eb834']; context = [[28, 57], [64, 92]]; loss = 0.033999
train step 13660; scene = ['5b3f6854aaf0e059', '74c817ce28582a05']; context = [[36, 65], [14, 40]]; loss = 0.033431
train step 13670; scene = ['ca88e751361b34fa', 'ec94c6fff965a9f9']; context = [[2, 28], [83, 113]]; loss = 0.035774
train step 13680; scene = ['3f293c7a896e1d7b', 'f6240fed8b5ff570']; context = [[44, 74], [21, 49]]; loss = 0.029529
train step 13690; scene = ['5a2d08475d3ab6f1', 'c4036a6e53239654']; context = [[47, 73], [15, 45]]; loss = 0.034475
train step 13700; scene = ['f17aee9a1b017d4f', '2504fcc45f7737dd']; context = [[77, 104], [16, 42]]; loss = 0.021240
train step 13710; scene = ['16cb0a7b90f37a7c', 'dd557a170117fffb']; context = [[6, 33], [41, 67]]; loss = 0.031713
train step 13720; scene = ['02cf87b32fe3d75a', 'de57e75b0134c705']; context = [[214, 241], [170, 198]]; loss = 0.019155
train step 13730; scene = ['fa83934d7b66b475', 'c6e306b85165a748']; context = [[102, 131], [242, 272]]; loss = 0.041936
train step 13740; scene = ['410f4bb395cc0603', '32f4633685e64fe3']; context = [[60, 88], [27, 54]]; loss = 0.033565
train step 13750; scene = ['42c1cf74638dc9df', 'd34235700ae6fcfd']; context = [[77, 105], [72, 102]]; loss = 0.028948
train step 13760; scene = ['c27226cd8e195456', '5a04796cace71282']; context = [[52, 79], [10, 37]]; loss = 0.043866
train step 13770; scene = ['4b73003325566332', 'b04e5c227aff1e96']; context = [[38, 64], [81, 108]]; loss = 0.021524
train step 13780; scene = ['00c7f4d292a58bd3', '6dd17de596dae3be']; context = [[4, 30], [118, 147]]; loss = 0.035347
train step 13790; scene = ['af0488663f2fe222', '39c96ad5667df5f5']; context = [[60, 86], [48, 74]]; loss = 0.033860
train step 13800; scene = ['adade3f3c67639ab', 'bb4b0c18a7a64c44']; context = [[34, 64], [5, 35]]; loss = 0.029162
train step 13810; scene = ['a0792de6d36408c4', '47421c0e831f93ab']; context = [[47, 77], [6, 34]]; loss = 0.032923
train step 13820; scene = ['4dab27a15daad726', '335f19bbfc2309a9']; context = [[15, 41], [52, 80]]; loss = 0.034006
train step 13830; scene = ['7ed3419c7717bd7a', '045a6a385f09e6f3']; context = [[95, 121], [36, 65]]; loss = 0.050976
train step 13840; scene = ['49d0e89159b0e44a', '7ed7024ec9041f1e']; context = [[34, 63], [6, 32]]; loss = 0.023566
train step 13850; scene = ['f9b532428ffe420c', 'a5526e3fba4e3871']; context = [[4, 34], [35, 63]]; loss = 0.036663
train step 13860; scene = ['4138ec075d5e0fa8', '46d0af2861fcfbe0']; context = [[52, 79], [43, 69]]; loss = 0.027426
train step 13870; scene = ['ec5123ef6adc5ad3', '616d267c60a944e0']; context = [[45, 72], [95, 125]]; loss = 0.035596
train step 13880; scene = ['79e8072ff1125b2e', 'd8e82f327f681848']; context = [[13, 43], [33, 60]]; loss = 0.050889
train step 13890; scene = ['a7045b13eef794d1', 'c6fa11aa48b3c933']; context = [[78, 104], [30, 56]]; loss = 0.038252
train step 13900; scene = ['c38f82fa9aac52d8', '84755f2c302bf61a']; context = [[136, 162], [49, 77]]; loss = 0.041837
train step 13910; scene = ['7b2d4fe6f283878e', '3d14ed320eb46830']; context = [[47, 73], [60, 91]]; loss = 0.047140
train step 13920; scene = ['8e0a13fe11111b79', '073e687120bf353d']; context = [[9, 39], [9, 36]]; loss = 0.045387
train step 13930; scene = ['e6d5c31e345f622d', 'c3e7bc3a80c717b2']; context = [[45, 76], [10, 41]]; loss = 0.024749
train step 13940; scene = ['513ab1107e3d6b47', '78ee4fc730f480f7']; context = [[107, 134], [47, 78]]; loss = 0.038446
train step 13950; scene = ['55d6fa11b446c6a8', '477268eceff12807']; context = [[1, 30], [1, 30]]; loss = 0.031489
train step 13960; scene = ['9844b1941a0a5cf1', '6892eed5da2f3695']; context = [[8, 39], [5, 34]]; loss = 0.026871
train step 13970; scene = ['9bae98eb98dc2337', 'a45555d2f55ced45']; context = [[33, 62], [92, 122]]; loss = 0.029921
train step 13980; scene = ['edc53cc70788e161', 'b4e19294cf3e2116']; context = [[44, 71], [107, 134]]; loss = 0.042729
train step 13990; scene = ['7bbdce5fc79889d8', 'fac20ccda46a7de9']; context = [[13, 42], [22, 51]]; loss = 0.021718
validation step 14000; scene = ['4e23a41c18383f74']; context = [[0, 29]]
train step 14000; scene = ['e3cbe7ea76afe8fe', 'd89dddcd0f832366']; context = [[44, 72], [38, 65]]; loss = 0.024756
train step 14010; scene = ['39197f6d0e819f9e', 'e7521b22cd5de37f']; context = [[40, 66], [191, 217]]; loss = 0.026981
train step 14020; scene = ['0e2a7276966e584d', '9afdb3b4bad232a4']; context = [[9, 39], [176, 206]]; loss = 0.026889
train step 14030; scene = ['d48178ecba2d14bc', 'd9b5a428cdcd8444']; context = [[65, 92], [32, 59]]; loss = 0.047925
train step 14040; scene = ['7ab3fe4ec2cc2acf', 'cf072ab37d9c2f8c']; context = [[61, 91], [108, 135]]; loss = 0.029299
train step 14050; scene = ['e21c5c0468a38ab8', 'a7ed75e65a42129e']; context = [[184, 210], [49, 78]]; loss = 0.017678
train step 14060; scene = ['57ef0c24d90eb0ad', '5c6cc840651fd034']; context = [[8, 36], [23, 51]]; loss = 0.030172
train step 14070; scene = ['14117bd67664094a', 'fdaa687ce9a07786']; context = [[63, 91], [39, 69]]; loss = 0.032893
train step 14080; scene = ['a3e68f2a6b87063c', '84dd6be769a13042']; context = [[65, 91], [38, 67]]; loss = 0.034944
train step 14090; scene = ['c3da2650497c4175', '68fa58020ce9144e']; context = [[29, 55], [142, 171]]; loss = 0.041523
train step 14100; scene = ['b3c9ebc907ec6e04', 'fc8e5038180d1870']; context = [[147, 175], [207, 237]]; loss = 0.036006
train step 14110; scene = ['e94af5db515ce62a', '78d68d455065384d']; context = [[24, 51], [140, 169]]; loss = 0.025170
train step 14120; scene = ['d331f11afbd5b80e', '74a4454fec1064d2']; context = [[37, 68], [62, 89]]; loss = 0.029475
train step 14130; scene = ['e2efa22c28e4d27a', '823a32785927191a']; context = [[49, 77], [31, 62]]; loss = 0.031447
train step 14140; scene = ['85b228978708e76c', 'f0931f3bf5488f01']; context = [[194, 225], [8, 36]]; loss = 0.056193
train step 14150; scene = ['cc48d6225f69d9a2', 'ae46c18afc8ab55f']; context = [[44, 70], [72, 101]]; loss = 0.040547
train step 14160; scene = ['7d246d2b4aa0ef24', 'b5abe7e54f298547']; context = [[66, 96], [201, 229]]; loss = 0.026763
train step 14170; scene = ['14900b71ac66b7bd', 'f99b78702c324cf1']; context = [[241, 272], [1, 32]]; loss = 0.028465
train step 14180; scene = ['78549c211ed0592a', '1832ee4a98c400fa']; context = [[42, 68], [14, 43]]; loss = 0.030675
train step 14190; scene = ['9865c77742524404', '2fcd2318578abbd8']; context = [[14, 40], [76, 102]]; loss = 0.028060
train step 14200; scene = ['a6e10acc85cb42b6', '36373e191159d044']; context = [[9, 38], [49, 80]]; loss = 0.024610
train step 14210; scene = ['3181deb623385396', '2fb42c372e8039f7']; context = [[102, 128], [119, 147]]; loss = 0.022575
train step 14220; scene = ['1c5be69e853e1cf6', '944a9a70a413baee']; context = [[36, 65], [56, 86]]; loss = 0.042506
train step 14230; scene = ['70878a6931910f8e', 'd839570bb3e08409']; context = [[16, 45], [20, 51]]; loss = 0.040210
train step 14240; scene = ['4a3700163ac07b62', '3dd32618d2ec8737']; context = [[34, 64], [66, 93]]; loss = 0.029285
train step 14250; scene = ['1766b288f284c234', 'aea0b4037df73166']; context = [[133, 160], [24, 50]]; loss = 0.038824
train step 14260; scene = ['af3cfd1df1bd7d6c', 'a9570cddae1764ab']; context = [[54, 83], [221, 247]]; loss = 0.032553
train step 14270; scene = ['3b8d4d62c3923699', '2eb02801dcb49de6']; context = [[171, 199], [108, 139]]; loss = 0.041230
train step 14280; scene = ['fdd1b75df1f41d71', '4c206a668c76614a']; context = [[4, 30], [20, 47]]; loss = 0.030767
train step 14290; scene = ['4bd7e50f6a6c39e3', 'c5c3e043f730f1a3']; context = [[128, 154], [5, 35]]; loss = 0.029518
train step 14300; scene = ['4d3976b773ca97c3', 'd664674205bd0153']; context = [[50, 80], [0, 26]]; loss = 0.026135
train step 14310; scene = ['f5201dbafa0af79e', 'b526812abb4244ea']; context = [[88, 115], [48, 78]]; loss = 0.029586
train step 14320; scene = ['272933b2e8080470', '489658664221ec4f']; context = [[100, 128], [110, 138]]; loss = 0.026640
train step 14330; scene = ['d90fad15e1be450c', '378f5d7d09f3cd72']; context = [[0, 31], [0, 29]]; loss = 0.022967
train step 14340; scene = ['35ca9463b81405e1', '3d091f661f2b9fd3']; context = [[123, 150], [104, 132]]; loss = 0.041312
train step 14350; scene = ['a61efdc5c2ede23f', '5477cf3b49317bb5']; context = [[33, 59], [24, 54]]; loss = 0.036936
train step 14360; scene = ['296cc032e4e7d75a', '763fbba111a520fc']; context = [[115, 143], [4, 35]]; loss = 0.028536
train step 14370; scene = ['079f307b3dfeecc0', 'ad11aa745dc46abd']; context = [[30, 60], [124, 151]]; loss = 0.035391
train step 14380; scene = ['c9a65a24a9332e68', '435e542f555f0e73']; context = [[0, 31], [37, 67]]; loss = 0.029415
train step 14390; scene = ['2f1f43ea5b2766f4', '8b60b394df2a9220']; context = [[40, 66], [3, 31]]; loss = 0.026587
train step 14400; scene = ['ac37acbd99789540', 'e061d565592bc9f6']; context = [[23, 51], [44, 73]]; loss = 0.039742
train step 14410; scene = ['a46e7baeca18297a', '52ee5cf9c011ebc6']; context = [[9, 39], [106, 135]]; loss = 0.021029
train step 14420; scene = ['9dc00be786d8cc92', '454f75b50703173e']; context = [[37, 66], [110, 141]]; loss = 0.041068
train step 14430; scene = ['64fdea66782dc649', '357a8bc6707958f5']; context = [[0, 28], [45, 76]]; loss = 0.031784
train step 14440; scene = ['73ced5ac444353ab', '042e949b55e0c306']; context = [[2, 32], [140, 171]]; loss = 0.027935
train step 14450; scene = ['13c92fcd6e77bde9', 'eedf58408454e55c']; context = [[6, 37], [159, 189]]; loss = 0.026161
train step 14460; scene = ['48608b5e820962c5', '361942c99f3909c9']; context = [[12, 40], [17, 46]]; loss = 0.026316
train step 14470; scene = ['17a222a4d296d309', '0476107845eb67e9']; context = [[38, 65], [37, 68]]; loss = 0.066403
train step 14480; scene = ['addde38c57090b86', '272f59817cb4a562']; context = [[56, 85], [44, 75]]; loss = 0.039302
train step 14490; scene = ['4c67794685bd07f4', '67c964e4dc73f102']; context = [[0, 30], [34, 64]]; loss = 0.034290
train step 14500; scene = ['871cf978eabbd334', '0cf7ca36e28ce263']; context = [[21, 47], [21, 52]]; loss = 0.025456
train step 14510; scene = ['2e4d2ff0e9928563', '59ff46a8991109e1']; context = [[0, 29], [75, 106]]; loss = 0.031869
train step 14520; scene = ['c8e2e5dc5a80dc4c', 'c835a755c41434e2']; context = [[199, 227], [51, 82]]; loss = 0.067651
train step 14530; scene = ['e482986b21210c55', 'b6cbfa38f1a43a2a']; context = [[156, 187], [2, 33]]; loss = 0.027450
train step 14540; scene = ['674e6a33e09edcf3', 'f1003c330038505a']; context = [[50, 80], [182, 208]]; loss = 0.027287
train step 14550; scene = ['a411da0cb83db31e', 'ffb1d4e9451f6179']; context = [[29, 57], [4, 31]]; loss = 0.034967
train step 14560; scene = ['2d9c1a7e8547c7f3', '9695907dbf989efe']; context = [[38, 69], [141, 169]]; loss = 0.028203
train step 14570; scene = ['856bb1da2f10d78c', '8ab897ac46529944']; context = [[40, 69], [53, 83]]; loss = 0.036597
train step 14580; scene = ['2fbef52fe146a7de', 'a7febe0745056a8d']; context = [[13, 39], [39, 66]]; loss = 0.048817
train step 14590; scene = ['698222b8a31af80e', '13438083c0db8515']; context = [[41, 72], [129, 160]]; loss = 0.055418
train step 14600; scene = ['008b073e9b710630', '6db5c1f70f5e923a']; context = [[2, 29], [46, 74]]; loss = 0.035951
train step 14610; scene = ['d7ec76b4ef960ff4', 'b76191c604ec5e7b']; context = [[39, 68], [164, 194]]; loss = 0.021475
train step 14620; scene = ['b22c33aa0730f9d8', '76e66c14db609731']; context = [[31, 60], [151, 179]]; loss = 0.029334
train step 14630; scene = ['0fcb1ee59fc566a6', 'b9851b3bac1fe73e']; context = [[100, 131], [71, 101]]; loss = 0.030310
train step 14640; scene = ['ea31003893552c45', '20f0da7699f136b3']; context = [[64, 95], [58, 88]]; loss = 0.029961
train step 14650; scene = ['cce7b7b831f93fed', '8ea8fa9e91f61af1']; context = [[65, 95], [2, 30]]; loss = 0.051950
train step 14660; scene = ['d12ba3a2ac78cfb6', 'a97eef4d4e9f345e']; context = [[13, 43], [3, 30]]; loss = 0.055466
train step 14670; scene = ['ecb694088ae78f7d', '057968bb7adf0b33']; context = [[32, 63], [31, 61]]; loss = 0.033001
train step 14680; scene = ['23f165b1591dab8f', '7ffc77db9d057d87']; context = [[209, 239], [7, 37]]; loss = 0.020136
train step 14690; scene = ['cc8ca5db181e8bce', 'd12b528777b5bffd']; context = [[64, 92], [0, 26]]; loss = 0.038026
train step 14700; scene = ['5dc2cecdba20b532', '1537d16fe982abc5']; context = [[126, 157], [0, 27]]; loss = 0.026066
train step 14710; scene = ['3ca8df0cd8efdb59', 'bc9172aa1955898e']; context = [[43, 73], [84, 111]]; loss = 0.035053
train step 14720; scene = ['8ac83ba3156df8d9', 'b789c7458ec68143']; context = [[117, 143], [36, 62]]; loss = 0.045812
train step 14730; scene = ['9a308213ce2ba663', '59f14fd999b7a247']; context = [[14, 41], [13, 39]]; loss = 0.021786
train step 14740; scene = ['0470da7b9a57db02', 'cdd783d1345bb1dc']; context = [[30, 59], [157, 187]]; loss = 0.041200
train step 14750; scene = ['86aae4818a6082d9', 'b8a0860f6fda8dc3']; context = [[153, 182], [15, 44]]; loss = 0.026035
train step 14760; scene = ['7056fe2a3c1ebe7d', '8b9a04c6ae39cd63']; context = [[92, 120], [15, 43]]; loss = 0.027086
train step 14770; scene = ['8ed5cc1df458a016', 'ce4179d829a750db']; context = [[50, 78], [0, 26]]; loss = 0.029996
train step 14780; scene = ['a674553868077393', 'e3b19a6c20b4a482']; context = [[76, 105], [19, 48]]; loss = 0.035145
train step 14790; scene = ['2d9bf0af644a4494', '9094f5cf4f11fb46']; context = [[35, 66], [152, 182]]; loss = 0.028915
train step 14800; scene = ['2c233ea19f5a5f34', '031f8b9e66601e5e']; context = [[28, 57], [69, 96]]; loss = 0.019524
train step 14810; scene = ['bd97314e8580f671', 'bb48ee6a54aba637']; context = [[146, 177], [11, 41]]; loss = 0.032040
train step 14820; scene = ['b215bd4e6fb3908e', '7b371be1f5174844']; context = [[207, 236], [157, 187]]; loss = 0.024053
train step 14830; scene = ['bcc00e27ca39c0e0', 'fab2da62901db99e']; context = [[20, 51], [3, 29]]; loss = 0.042683
train step 14840; scene = ['994199dc3fe5ee6f', '99c1a6379588e6d5']; context = [[51, 79], [56, 85]]; loss = 0.043437
train step 14850; scene = ['4d1e13e625a4ad8e', '69ad7ce4c6b901e5']; context = [[74, 100], [107, 137]]; loss = 0.025974
train step 14860; scene = ['e6441dbfed825f03', '3bcb40b1f0995144']; context = [[4, 30], [63, 89]]; loss = 0.026867
train step 14870; scene = ['54e0c39079f7a30b', '009700fcc49fe368']; context = [[50, 79], [59, 85]]; loss = 0.034626
train step 14880; scene = ['f270219c01c51804', '10fc4e7b970ee82c']; context = [[37, 64], [7, 36]]; loss = 0.021395
train step 14890; scene = ['b1b8e8c88721bafc', 'c66aaa5ea5543880']; context = [[99, 130], [50, 78]]; loss = 0.026099
train step 14900; scene = ['6f3fb517d1798d03', '6ca890904770aebb']; context = [[14, 44], [138, 165]]; loss = 0.027743
train step 14910; scene = ['8e1d14eee9286097', 'adebe02303ab2e6c']; context = [[18, 45], [127, 153]]; loss = 0.032871
train step 14920; scene = ['6d8a1edb7bf34670', '1eea9e2f8a7b74db']; context = [[91, 117], [11, 41]]; loss = 0.018159
train step 14930; scene = ['07f649f009a0ad83', '95e435653707db95']; context = [[46, 74], [14, 43]]; loss = 0.033127
train step 14940; scene = ['cac8ff0742e1ef7e', 'b2e5932f5b358c92']; context = [[195, 222], [9, 40]]; loss = 0.028286
train step 14950; scene = ['611773875fdb8681', 'ca32984655a98eba']; context = [[56, 83], [54, 81]]; loss = 0.029409
train step 14960; scene = ['6ebbb51c36ffa67c', '975074dc77b4b39b']; context = [[73, 100], [18, 46]]; loss = 0.055993
train step 14970; scene = ['6e6ce6a006f044a6', '59ae8ee9403d2597']; context = [[103, 129], [25, 56]]; loss = 0.033495
train step 14980; scene = ['8730a68b24c3678a', '328f4a1bb0f7419b']; context = [[79, 109], [3, 31]]; loss = 0.020484
train step 14990; scene = ['61b511610991a0fa', 'b15b14f1ba6553df']; context = [[235, 266], [21, 51]]; loss = 0.025667
train step 15000; scene = ['886f07611c5e252e', 'cd2bd9f19bed30cb']; context = [[192, 222], [189, 218]]; loss = 0.039048
train step 15010; scene = ['9eb7a732f0b74d75', 'ea3601ead6bd50cb']; context = [[135, 164], [217, 248]]; loss = 0.023275
train step 15020; scene = ['17234337105b4fab', 'fcdd1a23d071965a']; context = [[55, 83], [12, 39]]; loss = 0.042562
train step 15030; scene = ['8a0c7d552ce04cf9', 'a0fe443e6d4d2ad8']; context = [[52, 82], [55, 83]]; loss = 0.025153
train step 15040; scene = ['541aa65a8c4f173d', 'c796914f8f489602']; context = [[1, 29], [1, 31]]; loss = 0.057446
train step 15050; scene = ['415cb62a94b77e59', 'e56a6d31db649cb9']; context = [[26, 53], [71, 98]]; loss = 0.027381
train step 15060; scene = ['204d89d3668801fc', 'ac594627880fdbff']; context = [[6, 34], [239, 270]]; loss = 0.033000
train step 15070; scene = ['a5d0bd4a37aff1de', 'f51e68c38531b235']; context = [[66, 93], [22, 52]]; loss = 0.026911
train step 15080; scene = ['d9069c7fde700fae', 'f1cfb383e8ffe58d']; context = [[107, 136], [14, 45]]; loss = 0.033365
train step 15090; scene = ['406fde294fa23770', 'e4a42950792173f1']; context = [[124, 155], [198, 229]]; loss = 0.018818
train step 15100; scene = ['225b5ce9965d2c22', 'ee29d5fe76ce2524']; context = [[170, 197], [142, 169]]; loss = 0.031470
train step 15110; scene = ['f801f07cadabddfb', '0e2268381b97888e']; context = [[5, 32], [134, 163]]; loss = 0.034566
train step 15120; scene = ['847f9e4b492c7a50', '591324b1a786d91e']; context = [[15, 46], [37, 66]]; loss = 0.036272
train step 15130; scene = ['ea9e197f7c8e864c', '7c420f81cb281475']; context = [[227, 258], [52, 79]]; loss = 0.028314
train step 15140; scene = ['5d4377c186d48768', '4a3564ac24e69988']; context = [[7, 36], [18, 48]]; loss = 0.024813
train step 15150; scene = ['bd379b3e28771222', '076ad1c23b556e7d']; context = [[40, 68], [7, 36]]; loss = 0.032614
train step 15160; scene = ['ad406792c81d375c', '982d31117b3d890d']; context = [[8, 37], [72, 101]]; loss = 0.030423
train step 15170; scene = ['cb698c8760f7a3f4', '38e70ae6488aab33']; context = [[24, 54], [45, 75]]; loss = 0.024641
train step 15180; scene = ['8d02624bde074dc5', 'c8c127f7066b9cdf']; context = [[9, 38], [11, 39]]; loss = 0.029336
train step 15190; scene = ['e4501419231443b0', '5441c943ec7a6606']; context = [[26, 57], [117, 145]]; loss = 0.039216
train step 15200; scene = ['3f3f6bbad755230f', '3f2987707f148ae1']; context = [[50, 77], [9, 36]]; loss = 0.046766
train step 15210; scene = ['792db49cfc45f8ac', '8dad104fd0058819']; context = [[122, 152], [205, 236]]; loss = 0.043730
train step 15220; scene = ['0d73883da630b51e', 'de086bffb414572c']; context = [[41, 70], [8, 38]]; loss = 0.020060
train step 15230; scene = ['87233e6005ecf29c', 'f9835f45bbc6a4fa']; context = [[2, 32], [79, 106]]; loss = 0.029709
train step 15240; scene = ['18bf99f402e02a0c', '539960b59f9c0dd6']; context = [[67, 94], [6, 36]]; loss = 0.027023
train step 15250; scene = ['f8750505219fabbc', '5e35044ad1c8b2d3']; context = [[7, 37], [73, 103]]; loss = 0.027452
train step 15260; scene = ['765456b88d5e4d4a', 'c7a6104b2d35354f']; context = [[104, 133], [90, 121]]; loss = 0.036471
train step 15270; scene = ['f91ce22777ae4f08', '3b405ae88aee9885']; context = [[16, 43], [147, 174]]; loss = 0.028914
train step 15280; scene = ['3a006400a70e36a8', '73218f4a69d31393']; context = [[2, 33], [5, 36]]; loss = 0.033123
train step 15290; scene = ['382e6c1b534416d3', 'fee2f7c24c6d5e2f']; context = [[18, 49], [66, 95]]; loss = 0.033503
train step 15300; scene = ['495f43228d58ee0f', 'e984993558178156']; context = [[148, 178], [104, 131]]; loss = 0.033798
train step 15310; scene = ['a82f10b51de52134', '5e2b1aa39fa873cb']; context = [[12, 41], [30, 58]]; loss = 0.033296
train step 15320; scene = ['27dc881a8fa5276c', 'cde9a6374acd65c4']; context = [[76, 103], [37, 68]]; loss = 0.023712
train step 15330; scene = ['25fc725784a63284', 'd71857a07329981c']; context = [[17, 47], [49, 78]]; loss = 0.029799
train step 15340; scene = ['51a98d30bb4bf974', '75c097dde984d57f']; context = [[88, 118], [176, 203]]; loss = 0.024829
train step 15350; scene = ['46a16b80d7b725c1', '8ecf1e4e58a9553d']; context = [[0, 31], [87, 115]]; loss = 0.030393
train step 15360; scene = ['a913e7af2361fa6f', '3965a7b13519ef13']; context = [[59, 90], [212, 239]]; loss = 0.025696
train step 15370; scene = ['de8e8e917ea9ecff', '8c9d5935dacf2a41']; context = [[110, 140], [17, 44]]; loss = 0.023764
train step 15380; scene = ['3cd8c5f222a29e8c', '7e5067f243e163c2']; context = [[27, 54], [67, 95]]; loss = 0.038497
train step 15390; scene = ['82601096ac275780', '91569ae4b2a46efa']; context = [[100, 127], [18, 49]]; loss = 0.029011
train step 15400; scene = ['b1b3c256fa38e565', 'cb1ecfd7427463e3']; context = [[43, 72], [75, 103]]; loss = 0.044354
train step 15410; scene = ['9cf1069fdc94c6dc', 'b480e474281f5335']; context = [[15, 44], [51, 81]]; loss = 0.024465
train step 15420; scene = ['f31541473a1526ee', 'c6dd29c2849afc3b']; context = [[26, 55], [31, 61]]; loss = 0.028333
train step 15430; scene = ['076a6c5199542c91', 'dfb45d7603638f26']; context = [[35, 64], [28, 59]]; loss = 0.032342
train step 15440; scene = ['c12fac3629f20e64', 'c138045400b089a8']; context = [[106, 134], [21, 52]]; loss = 0.036914
train step 15450; scene = ['4f7347ee36e438dd', '8e7f0e79819eb6aa']; context = [[11, 42], [2, 32]]; loss = 0.031991
train step 15460; scene = ['e6784c42ef00186c', '02510ebdd1ced810']; context = [[104, 133], [22, 50]]; loss = 0.024680
train step 15470; scene = ['cec246dd08244706', '2139caf346127018']; context = [[70, 98], [187, 216]]; loss = 0.031263
train step 15480; scene = ['83859d1461d13e35', 'db5e2be603041bea']; context = [[29, 59], [105, 135]]; loss = 0.030274
train step 15490; scene = ['27f34df7cc8863e4', '347f4e7f9f627a12']; context = [[111, 140], [5, 35]]; loss = 0.036865
train step 15500; scene = ['1bf2ad010fbce70c', 'bb14c9ef294f2eb7']; context = [[73, 101], [41, 70]]; loss = 0.032407
train step 15510; scene = ['e04b4e9d1434c051', '416db1671b1b6930']; context = [[24, 53], [16, 46]]; loss = 0.022699
train step 15520; scene = ['ccf02ed8d67330dc', '81b6cf7fd559d1c2']; context = [[5, 34], [131, 158]]; loss = 0.042404
train step 15530; scene = ['2962175a510cf868', '527265924b9b6375']; context = [[21, 51], [43, 74]]; loss = 0.030428
train step 15540; scene = ['f6d63501c556f2ca', 'f5bffc38ce948aa0']; context = [[15, 45], [55, 86]]; loss = 0.021792
train step 15550; scene = ['da90497dc4a78933', '341a2aae7530be66']; context = [[38, 67], [11, 41]]; loss = 0.025508
train step 15560; scene = ['88402eba1dca60a2', 'ebaeb44a88de9332']; context = [[24, 51], [15, 43]]; loss = 0.029289
train step 15570; scene = ['069ac52b8f1c406c', '4ed5567da37496b3']; context = [[42, 69], [42, 69]]; loss = 0.036544
train step 15580; scene = ['8bdc52505292467c', '29dfe9e623ddcafb']; context = [[96, 127], [6, 35]]; loss = 0.029804
train step 15590; scene = ['c8bc058bfc4bb7a8', '68582c77ec85ab99']; context = [[63, 91], [0, 27]]; loss = 0.034713
train step 15600; scene = ['7948506f5ce08ebc', '9d08335534a50892']; context = [[2, 31], [1, 31]]; loss = 0.033751
train step 15610; scene = ['ad65c37e0613e84e', '899aae28d5e32d0c']; context = [[34, 61], [2, 31]]; loss = 0.033231
train step 15620; scene = ['4062e3ed1635c229', 'cbe1f253bdd11625']; context = [[18, 46], [5, 36]]; loss = 0.036617
train step 15630; scene = ['2cb9c3437f7c49ee', '8d8164bd77101795']; context = [[243, 270], [99, 129]]; loss = 0.026882
train step 15640; scene = ['ed7301d62809aa84', 'ed1d3c0db41a3c5f']; context = [[24, 54], [16, 47]]; loss = 0.022757
train step 15650; scene = ['641310a2d9c88eab', '8318c0eb37a154a4']; context = [[39, 68], [18, 45]]; loss = 0.042519
train step 15660; scene = ['7553395100371c11', '829f8c2b2e5252e5']; context = [[35, 65], [1, 28]]; loss = 0.030884
train step 15670; scene = ['feb5bfece3b46df4', '2a96f489344c6a21']; context = [[77, 108], [118, 146]]; loss = 0.026290
train step 15680; scene = ['8af368949983a521', '7b9b7003ec4e78a5']; context = [[14, 42], [31, 60]]; loss = 0.019360
train step 15690; scene = ['35ce6f27e3fdc72e', '35e07043b9b3eb19']; context = [[7, 36], [21, 50]]; loss = 0.035265
train step 15700; scene = ['bfd9942692811e1c', 'b81a88ba12cb339c']; context = [[47, 74], [41, 68]]; loss = 0.035264
train step 15710; scene = ['ba6bf7fe1ec95b7e', '1f38948643ec28d6']; context = [[236, 265], [108, 137]]; loss = 0.034875
train step 15720; scene = ['34d3b8021068f40c', 'fa86e741af917c3a']; context = [[32, 62], [0, 30]]; loss = 0.017906
train step 15730; scene = ['eddb11e3eafb8bca', '489d324eb86cc70a']; context = [[61, 90], [11, 39]]; loss = 0.020650
train step 15740; scene = ['606358c338d38f6e', '2666f4d45ee85413']; context = [[28, 56], [32, 62]]; loss = 0.041045
train step 15750; scene = ['9497ed29cc566c99', '40788c7ad8260635']; context = [[76, 106], [45, 72]]; loss = 0.037294
train step 15760; scene = ['6cb7d29fa6e32c8e', '7fa8074110860165']; context = [[14, 42], [70, 97]]; loss = 0.021193
train step 15770; scene = ['c150a69d763e0fd2', '9e6b1fc2cb9e258e']; context = [[62, 92], [121, 152]]; loss = 0.021419
train step 15780; scene = ['e6bd49192ab21f5d', 'cb2fe45b3eb7dc08']; context = [[20, 48], [72, 102]]; loss = 0.023943
train step 15790; scene = ['c503b9ffcd10339c', '7b25f4b3c3a88b47']; context = [[8, 39], [31, 60]]; loss = 0.039348
train step 15800; scene = ['d98da14d6ae2ca16', '28be048b18c389ca']; context = [[23, 52], [4, 33]]; loss = 0.023555
train step 15810; scene = ['986577a37b521a50', 'bd4fec10278764e5']; context = [[14, 42], [105, 132]]; loss = 0.049747
train step 15820; scene = ['a240f07a92219aa8', 'd9462b4c7fc5a88d']; context = [[75, 105], [30, 59]]; loss = 0.019149
train step 15830; scene = ['101d8b04b3837471', 'eda53024bf75d836']; context = [[45, 74], [123, 154]]; loss = 0.032571
train step 15840; scene = ['17887dbb8a52cb83', '0981c9e4524d0b2c']; context = [[97, 128], [47, 75]]; loss = 0.026861
train step 15850; scene = ['ec6d32b61bd26167', '57ea5883b42d1a76']; context = [[54, 81], [54, 82]]; loss = 0.026482
train step 15860; scene = ['4ed1f85c32d21a00', '56a3cab917fb2f23']; context = [[69, 100], [29, 58]]; loss = 0.025587
train step 15870; scene = ['52d88e6813dfc20c', 'a80b012b3a1726c3']; context = [[16, 46], [99, 127]]; loss = 0.029883
train step 15880; scene = ['e5ef6dfdcbcf430c', 'd725f58a68fccddb']; context = [[8, 36], [36, 64]]; loss = 0.037268
train step 15890; scene = ['5b64b5760c7503f3', '231b81fe05d87e31']; context = [[33, 64], [46, 77]]; loss = 0.035994
train step 15900; scene = ['7eff316fa46c86dc', '59cbdb17d276f404']; context = [[6, 37], [231, 262]]; loss = 0.024069
train step 15910; scene = ['bf82a9c4cb1af02c', '006b2728057d8236']; context = [[228, 259], [72, 102]]; loss = 0.022216
train step 15920; scene = ['c0fa0cb15499fc43', '0e5f43adc84b0435']; context = [[66, 93], [64, 95]]; loss = 0.026666
train step 15930; scene = ['98b790f0838ed801', 'f2de3305ea7dd161']; context = [[0, 31], [16, 44]]; loss = 0.019671
train step 15940; scene = ['0f8c770f3a37cacf', '1953baa6b79507a8']; context = [[61, 90], [31, 59]]; loss = 0.021227
train step 15950; scene = ['20df3685d7dc078d', 'dd519a6b576ce538']; context = [[31, 60], [14, 43]]; loss = 0.026022
train step 15960; scene = ['191e1372d58914db', 'dfcc5ace57685ef2']; context = [[144, 173], [19, 47]]; loss = 0.029446
train step 15970; scene = ['50a66db80eba783d', '4d81bb017abfd365']; context = [[8, 37], [1, 28]]; loss = 0.029062
train step 15980; scene = ['7503e0fc88605e43', '53b329172b71e22e']; context = [[15, 42], [85, 112]]; loss = 0.047961
train step 15990; scene = ['6c4ce265604412f7', '1e08baa40bc6757b']; context = [[171, 200], [8, 38]]; loss = 0.029680
validation step 16000; scene = ['3b273cb40c55db95']; context = [[14, 43]]
train step 16000; scene = ['b4598653ccfd0f54', 'ca12dbcebb3869ad']; context = [[48, 78], [76, 107]]; loss = 0.029253
train step 16010; scene = ['ea1914f59482039b', 'a19258a9ec8e067d']; context = [[3, 33], [0, 27]]; loss = 0.032957
train step 16020; scene = ['9d002fa0a67575b5', '99920247428ec28a']; context = [[26, 53], [2, 32]]; loss = 0.027113
train step 16030; scene = ['fd6698d9c1b2edaf', 'b67ce20f3f4adec3']; context = [[37, 66], [42, 73]]; loss = 0.032487
train step 16040; scene = ['19dd090934e0898b', 'f234b41341e209e5']; context = [[23, 51], [35, 66]]; loss = 0.027728
train step 16050; scene = ['261442e6f0afc52b', 'e4f30516953526eb']; context = [[49, 80], [19, 47]]; loss = 0.039964
train step 16060; scene = ['70cccb9c7d04585e', '062fc5a9d29cd651']; context = [[68, 95], [11, 41]]; loss = 0.019062
train step 16070; scene = ['40eb87a9f7a58fb4', 'e44fa4f35c34ade1']; context = [[168, 199], [200, 228]]; loss = 0.030783
train step 16080; scene = ['fc9aad400e937eb0', '47d29dd9a8ffabfe']; context = [[95, 124], [3, 30]]; loss = 0.028130
train step 16090; scene = ['b101b30ff1f24357', '01d0d2b4aa40236b']; context = [[39, 70], [55, 86]]; loss = 0.033553
train step 16100; scene = ['117797aff27ab8c5', '982d31117b3d890d']; context = [[49, 77], [77, 107]]; loss = 0.034349
train step 16110; scene = ['85954dfcf927b9fe', 'de1ad970833eb9f4']; context = [[28, 59], [28, 59]]; loss = 0.030024
train step 16120; scene = ['e31116726818d22d', '6556443f42c3f8b7']; context = [[124, 155], [0, 27]]; loss = 0.029595
train step 16130; scene = ['7cb26f5ca9def3e7', '442eb897462b402b']; context = [[7, 34], [20, 48]]; loss = 0.030800
train step 16140; scene = ['61817f6504d1a6c3', 'cd6fdd63dcab9099']; context = [[12, 40], [23, 51]]; loss = 0.023541
train step 16150; scene = ['135d8880ef7d61e1', 'f62b7235cee5c940']; context = [[7, 34], [29, 60]]; loss = 0.031131
train step 16160; scene = ['06def6f25e4a3107', '6102005c6aa4af25']; context = [[47, 77], [77, 107]]; loss = 0.022615
train step 16170; scene = ['9651f5e8192c6ce7', '876a49fd60e9f34a']; context = [[44, 72], [119, 151]]; loss = 0.031517
train step 16180; scene = ['d4ba9d37c33ca580', 'bad0bd3b7ac2a4ae']; context = [[143, 174], [112, 139]]; loss = 0.042433
train step 16190; scene = ['9b59457b2df7e784', 'eeb502f41ece8dbd']; context = [[26, 55], [92, 122]]; loss = 0.026109
train step 16200; scene = ['dafe4fbc82947a40', '13ee40f99ef3fda7']; context = [[14, 46], [46, 75]]; loss = 0.016820
train step 16210; scene = ['6ce3f10bc36d947f', '2805a4d6ca7fd6d6']; context = [[23, 52], [127, 157]]; loss = 0.032878
train step 16220; scene = ['e08750e1f2e95932', '4a06fec967985600']; context = [[0, 32], [70, 97]]; loss = 0.036867
train step 16230; scene = ['c5116e5927234542', '21fe929aa8d2ede3']; context = [[2, 31], [14, 41]]; loss = 0.028924
train step 16240; scene = ['965f4c3a2e84ecc7', 'bec5fda37134a938']; context = [[35, 64], [23, 52]]; loss = 0.025482
train step 16250; scene = ['1c7f730db5d85172', '3097fbf4e8e1cf6b']; context = [[35, 63], [72, 101]]; loss = 0.048974
train step 16260; scene = ['a762afcb63ac987c', '1b67cb7fd614d55e']; context = [[56, 85], [217, 246]]; loss = 0.034534
train step 16270; scene = ['43fd85a2b0eabe1c', '00b9fa905d6c0830']; context = [[46, 78], [80, 110]]; loss = 0.022597
train step 16280; scene = ['40d0ba7e188c5151', 'd4f58eddfca6260f']; context = [[115, 142], [26, 54]]; loss = 0.031445
train step 16290; scene = ['bdebc0ac44b0d725', 'c48ef8fab1483416']; context = [[177, 208], [13, 43]]; loss = 0.028136
train step 16300; scene = ['b32f3bf5cb7a30b5', 'ada53bdfe52930d5']; context = [[26, 54], [52, 82]]; loss = 0.017729
train step 16310; scene = ['76467df94b133797', 'a5b167a51f1d8397']; context = [[28, 55], [2, 33]]; loss = 0.038880
train step 16320; scene = ['745649e1e83e26b0', 'd1ab1dff073d6d37']; context = [[6, 33], [112, 139]]; loss = 0.025426
train step 16330; scene = ['c9e6a7965c8f7430', '325dd995f2faad68']; context = [[1, 28], [213, 243]]; loss = 0.027536
train step 16340; scene = ['3ef02603081f00c9', 'aab67a3597f28686']; context = [[19, 51], [49, 80]]; loss = 0.025837
train step 16350; scene = ['4e8af68984b1eabb', 'b4caf9dbe386c507']; context = [[23, 55], [37, 68]]; loss = 0.031103
train step 16360; scene = ['1bc388ab859d1c9a', 'c6e1f419721b68c3']; context = [[59, 91], [47, 78]]; loss = 0.027148
train step 16370; scene = ['978a31a0cafe759f', 'c998cf736c1af722']; context = [[67, 94], [92, 119]]; loss = 0.025512
train step 16380; scene = ['bf8c1e3962c35b5e', 'c6e1f419721b68c3']; context = [[22, 49], [76, 105]]; loss = 0.023189
train step 16390; scene = ['4dab38f9654b55d5', '2c6ac0963c11ffc0']; context = [[69, 101], [3, 32]]; loss = 0.048091
train step 16400; scene = ['f967beae04895cec', 'b6c5b3da50a68e93']; context = [[75, 105], [93, 122]]; loss = 0.033780
train step 16410; scene = ['6c0128c0cc99a1c4', '73468a1630d3b96a']; context = [[15, 42], [69, 99]]; loss = 0.028960
train step 16420; scene = ['8d0f46f4f1a0fd8e', '1f4e65a2b3e515d8']; context = [[12, 44], [24, 53]]; loss = 0.023155
train step 16430; scene = ['3d21e749686e5754', '6ec387771dec87c2']; context = [[73, 101], [20, 48]]; loss = 0.020229
train step 16440; scene = ['55b84742a28a4e08', 'b7033fd38f0aff93']; context = [[174, 201], [12, 41]]; loss = 0.030297
train step 16450; scene = ['6dc9c8f3d2f53384', '71e569007889ec0a']; context = [[131, 159], [9, 37]]; loss = 0.033364
train step 16460; scene = ['1c11cf026731026b', '75a40d5213a265db']; context = [[4, 33], [32, 60]]; loss = 0.025363
train step 16470; scene = ['35853ff8c6e1cd4d', '728b3e98e007eeec']; context = [[8, 39], [69, 98]]; loss = 0.025735
train step 16480; scene = ['c78363372eaa6b51', 'd811b8f5953a9b62']; context = [[53, 84], [2, 29]]; loss = 0.016831
train step 16490; scene = ['03ca81eb48477658', '45fc33ad9eeda001']; context = [[15, 43], [81, 109]]; loss = 0.031442
train step 16500; scene = ['f91702f19351f9da', '496e6fc19c13a4bd']; context = [[151, 182], [17, 49]]; loss = 0.035972
train step 16510; scene = ['af951254b2254af3', 'da97370838c47a7b']; context = [[64, 96], [55, 84]]; loss = 0.025616
train step 16520; scene = ['f7e27052900e847e', '627dd68bba96dc29']; context = [[10, 40], [11, 43]]; loss = 0.027867
train step 16530; scene = ['aeea05a91f0fa062', '6c84f14a6cac1574']; context = [[25, 52], [3, 31]]; loss = 0.023057
train step 16540; scene = ['663ae54fb0c5ab61', 'd3c7f6d65edf8757']; context = [[5, 36], [5, 32]]; loss = 0.026495
train step 16550; scene = ['d7742c4bef777835', 'b8a80768eb400887']; context = [[6, 35], [10, 40]]; loss = 0.044934
train step 16560; scene = ['ccbd198f234caeea', '3ad98feb3c4e66d9']; context = [[10, 40], [14, 43]]; loss = 0.029750
train step 16570; scene = ['9b69d11125244431', 'fdfa2bdadfc99d14']; context = [[16, 43], [20, 48]]; loss = 0.023033
train step 16580; scene = ['7b0eb99f9f5d8ce3', '4a39d045c20fea1d']; context = [[21, 49], [61, 91]]; loss = 0.027530
train step 16590; scene = ['53d0ffdbf11b4c43', 'd8b4041b31634616']; context = [[183, 212], [100, 132]]; loss = 0.038565
train step 16600; scene = ['45a19f9d1de5f98c', 'e0fd00a3c1b11157']; context = [[20, 52], [30, 61]]; loss = 0.052933
train step 16610; scene = ['cef967e6c2895c19', '8f8fd92008130071']; context = [[108, 138], [1, 30]]; loss = 0.021725
train step 16620; scene = ['bbdfd0941d4d279d', '6185798eba1315d0']; context = [[89, 120], [2, 30]]; loss = 0.020715
train step 16630; scene = ['7df4a03c9d4b7b4a', '75a93e904fdf1859']; context = [[1, 28], [29, 58]]; loss = 0.036423
train step 16640; scene = ['3b8e927ed2e703cd', '0727389bfa97166f']; context = [[11, 42], [4, 34]]; loss = 0.028970
train step 16650; scene = ['7296c3950c230dfa', 'c6fa4ea03de099cc']; context = [[0, 29], [4, 33]]; loss = 0.029659
train step 16660; scene = ['3cd15943d0e0ab77', 'eabb7f7c8e4b4f15']; context = [[26, 54], [9, 41]]; loss = 0.026282
train step 16670; scene = ['016abfceedd286a0', '5763cbee9140b5d1']; context = [[201, 229], [231, 258]]; loss = 0.029836
train step 16680; scene = ['79eced61f47a2a03', '4383610b9ef9bf1b']; context = [[19, 47], [57, 84]]; loss = 0.020352
train step 16690; scene = ['fb322fc5ad86f61c', 'ddb60a2851cac605']; context = [[137, 166], [105, 135]]; loss = 0.023108
train step 16700; scene = ['a47d3c4e370778f5', '83f9d8c6d307248a']; context = [[6, 34], [47, 78]]; loss = 0.043741
train step 16710; scene = ['4ea1adb29bfd2cc3', '4022fcadb6dcbfb2']; context = [[76, 107], [105, 135]]; loss = 0.028533
train step 16720; scene = ['d3d44712e9d5a778', '056aefda8839c0bb']; context = [[72, 104], [0, 29]]; loss = 0.037821
train step 16730; scene = ['24cf93a2d2d5d464', '55bf44ae6e9fdee5']; context = [[101, 129], [193, 221]]; loss = 0.034573
train step 16740; scene = ['2821faf83e638b87', 'f6a87eade96cceb1']; context = [[12, 43], [97, 129]]; loss = 0.030904
train step 16750; scene = ['c9c58ce3d3304389', '2fed94c1168e0ade']; context = [[106, 135], [16, 43]]; loss = 0.038454
train step 16760; scene = ['a3d0cca9fb57fd85', '337fbf1d3c3e4ff3']; context = [[7, 37], [0, 30]]; loss = 0.023596
train step 16770; scene = ['5c1b8644359e2df3', '88c287ba3e2d2959']; context = [[20, 52], [102, 132]]; loss = 0.035862
train step 16780; scene = ['907ddb8b6f1f9c48', '6ec4558fea67e2b1']; context = [[12, 43], [22, 49]]; loss = 0.030197
train step 16790; scene = ['34c96bdc74c6b6d8', 'd06af1bc943531fc']; context = [[3, 33], [10, 39]]; loss = 0.032423
train step 16800; scene = ['775726506dbf05b3', '5e4c7d3038be2c01']; context = [[4, 32], [220, 250]]; loss = 0.026005
train step 16810; scene = ['71bb635a79452a2a', 'a40b41c43b39315a']; context = [[42, 74], [23, 50]]; loss = 0.031009
train step 16820; scene = ['aa110ab7e333c942', 'd5f52255ac645eac']; context = [[23, 54], [10, 40]]; loss = 0.025521
train step 16830; scene = ['7ce0211de76d1a1a', '088d4118cbe16c97']; context = [[18, 48], [164, 196]]; loss = 0.045996
train step 16840; scene = ['38fb99bfc3d886f0', '24024f1442ca7859']; context = [[16, 44], [47, 78]]; loss = 0.037448
train step 16850; scene = ['cffcf3058ae6a306', '3530096ad3087c6c']; context = [[218, 248], [51, 79]]; loss = 0.041691
train step 16860; scene = ['37319c0d69f431a8', '3f0cf2bff697d8cf']; context = [[100, 131], [32, 63]]; loss = 0.028391
train step 16870; scene = ['b4e03dac03b5a8d2', '83adccc47c2058f2']; context = [[20, 51], [20, 49]]; loss = 0.039832
train step 16880; scene = ['8e53e7cae01ffe5d', 'ad95074b40f49e6b']; context = [[25, 54], [201, 228]]; loss = 0.039584
train step 16890; scene = ['5df5c5216840766c', '8fec1e2289d578c4']; context = [[3, 30], [69, 96]]; loss = 0.020489
train step 16900; scene = ['935202dc04ec7d22', '66f6f5c11132bb4b']; context = [[88, 119], [39, 68]]; loss = 0.028584
train step 16910; scene = ['4a92e8a638e8c57c', 'f2faf58b10601a4c']; context = [[45, 72], [8, 35]]; loss = 0.023122
train step 16920; scene = ['b82808040252571d', '58694b5c16496ad4']; context = [[145, 174], [23, 54]]; loss = 0.032271
train step 16930; scene = ['3507303b73e6bb89', '025e2281869d6d5e']; context = [[24, 55], [94, 122]]; loss = 0.027028
train step 16940; scene = ['7d06460d5665698b', 'c9e8eb444e59ea70']; context = [[143, 173], [31, 63]]; loss = 0.022503
train step 16950; scene = ['0af94ad037b152a7', 'd4feaec801a34163']; context = [[7, 37], [9, 39]]; loss = 0.023301
train step 16960; scene = ['b8e146f9267164ea', 'af0f776720177d60']; context = [[123, 151], [39, 68]]; loss = 0.025783
train step 16970; scene = ['af4d90b5286718d0', '2e47fe7654371edc']; context = [[22, 54], [71, 99]]; loss = 0.047634
train step 16980; scene = ['0f01b8eebfadbfe0', 'fce6fac0521553e6']; context = [[13, 43], [13, 42]]; loss = 0.042164
train step 16990; scene = ['420fcb4af19f957c', '6d30b36107c16f16']; context = [[12, 40], [60, 89]]; loss = 0.022331
train step 17000; scene = ['d7f4c5338967ef5c', '4bd0d8b0f8411adc']; context = [[55, 86], [122, 149]]; loss = 0.025278
train step 17010; scene = ['2c34c5f4d7e218e1', '68a45d0deef42284']; context = [[34, 64], [83, 114]]; loss = 0.030838
train step 17020; scene = ['2028e7685d576a9f', '59fa40dbaab9e111']; context = [[73, 102], [3, 31]]; loss = 0.023577
train step 17030; scene = ['bcd6a8f9e95c390d', '6a3cee5a0ca00425']; context = [[36, 67], [57, 84]]; loss = 0.027482
train step 17040; scene = ['05f8fbd811f71150', '9304b1e911c2829e']; context = [[41, 70], [10, 41]]; loss = 0.022749
train step 17050; scene = ['03d3092e230ed7f0', 'd59ab97b03d1164a']; context = [[15, 47], [7, 35]]; loss = 0.027590
train step 17060; scene = ['dba0052f9fa2b5ff', 'e910ae6aa6f7ff6f']; context = [[50, 82], [44, 72]]; loss = 0.037193
train step 17070; scene = ['4627387578523c1d', 'c0d73e302fdb7a4e']; context = [[37, 68], [6, 36]]; loss = 0.021742
train step 17080; scene = ['6ca890904770aebb', 'e923507f19f5cfba']; context = [[191, 220], [14, 45]]; loss = 0.029373
train step 17090; scene = ['c30ceef53fe9f55c', '55f6247dc22acf78']; context = [[240, 269], [18, 48]]; loss = 0.020498
train step 17100; scene = ['3cca155053b89326', 'df2ed5b12147a4b4']; context = [[11, 41], [20, 48]]; loss = 0.027789
train step 17110; scene = ['8b52d8f5da192534', 'da4089450625c919']; context = [[72, 100], [32, 62]]; loss = 0.028422
train step 17120; scene = ['e94af5db515ce62a', '655ac4945093a03d']; context = [[66, 98], [17, 46]]; loss = 0.028826
train step 17130; scene = ['48dd5e8585754cb0', 'b22ecfd2e0500719']; context = [[12, 40], [30, 60]]; loss = 0.029599
train step 17140; scene = ['a6a7efaf97ec76a8', '2605fa738da22f6b']; context = [[0, 28], [19, 49]]; loss = 0.027232
train step 17150; scene = ['f353d7f39dfd5cb3', '1374f00c4a74ce2f']; context = [[89, 120], [126, 156]]; loss = 0.038582
train step 17160; scene = ['da034370416efee1', 'f1c3beac54c25378']; context = [[108, 140], [18, 45]]; loss = 0.033861
train step 17170; scene = ['ba1900c09370971d', 'edb43317316d7f17']; context = [[84, 115], [22, 54]]; loss = 0.021173
train step 17180; scene = ['f1113eed57046994', '62d591164844c092']; context = [[47, 76], [54, 85]]; loss = 0.030681
train step 17190; scene = ['5ac9002c4bc39722', '006477bb9bada538']; context = [[46, 78], [16, 43]]; loss = 0.031519
train step 17200; scene = ['00e7f68556c9ec9a', '0575b49c3a451110']; context = [[84, 114], [50, 82]]; loss = 0.027445
train step 17210; scene = ['a16a83db12ad4c46', '79e7144576553102']; context = [[10, 40], [60, 89]]; loss = 0.067606
train step 17220; scene = ['24e3c8fc3a7f2c55', '78c6a6ee640ddd5d']; context = [[23, 55], [143, 174]]; loss = 0.021447
train step 17230; scene = ['7ee21d878ae03272', 'c55064d2cc530328']; context = [[24, 56], [74, 105]]; loss = 0.027890
train step 17240; scene = ['709108b3b7921a59', '3ad4ea23277b8a65']; context = [[49, 79], [13, 45]]; loss = 0.033181
train step 17250; scene = ['4bdef6c0c3e06ae5', '3148978637e8f426']; context = [[40, 70], [242, 273]]; loss = 0.031052
train step 17260; scene = ['de27ce11ddb95371', 'ff4bac4f32cac43a']; context = [[44, 75], [6, 37]]; loss = 0.037205
train step 17270; scene = ['a190cb946726d886', '75471527ff3b5afd']; context = [[78, 109], [4, 34]]; loss = 0.025505
train step 17280; scene = ['f2f7df2a8b307e10', '2b63e3da632073f8']; context = [[25, 57], [17, 44]]; loss = 0.020690
train step 17290; scene = ['381676b229abbab1', '75ad4bc6ef1969a8']; context = [[1, 32], [0, 29]]; loss = 0.037479
train step 17300; scene = ['9a932e101825384c', 'f948c70edc619fac']; context = [[59, 89], [12, 39]]; loss = 0.025950
train step 17310; scene = ['7291800f42340df9', '6290818454ffd7af']; context = [[34, 66], [112, 140]]; loss = 0.026876
train step 17320; scene = ['0fd809b090bbed1d', 'b21216eb9941c9f1']; context = [[30, 59], [0, 28]]; loss = 0.031062
train step 17330; scene = ['305c444f0ac84615', '2d46721788b06ab2']; context = [[24, 56], [56, 86]]; loss = 0.043449
train step 17340; scene = ['a4d6bb9fa8b24cd1', 'cf66a28e7fc91df0']; context = [[11, 38], [53, 84]]; loss = 0.025807
train step 17350; scene = ['967235a9c67bd8de', '4c4749e293cb665b']; context = [[0, 31], [98, 127]]; loss = 0.017740
train step 17360; scene = ['64bb6fe5f0484ccf', '52e55a9250f55a45']; context = [[17, 49], [164, 196]]; loss = 0.033016
train step 17370; scene = ['6e4a4080bbfe71ee', 'ab9f6c8caa4811c7']; context = [[32, 59], [12, 39]]; loss = 0.019363
train step 17380; scene = ['8848308b52fd1c26', '80fcb09bc1e09f71']; context = [[9, 39], [0, 27]]; loss = 0.027955
train step 17390; scene = ['f47a5658e4a6e838', '4caeaf8d27b8dc35']; context = [[9, 38], [6, 35]]; loss = 0.038014
train step 17400; scene = ['0ad763ac2571765b', 'c9bbf63bd1905085']; context = [[84, 113], [1, 30]]; loss = 0.033891
train step 17410; scene = ['03c5717890c26e1d', '0a830c593f602641']; context = [[146, 174], [9, 36]]; loss = 0.028576
train step 17420; scene = ['b7b1cd2faf6e319e', '7dcdb795d0c3fcf3']; context = [[131, 161], [12, 41]]; loss = 0.036308
train step 17430; scene = ['0065a058603dfca4', '8e20ab013d98087e']; context = [[78, 106], [166, 197]]; loss = 0.019838
train step 17440; scene = ['05d6f85d64a12629', 'f8d97e84b057c5fa']; context = [[10, 39], [116, 146]]; loss = 0.038423
train step 17450; scene = ['47270cf271f4bc21', '3cbe6fe0f3f71e16']; context = [[26, 56], [129, 160]]; loss = 0.019950
train step 17460; scene = ['f37cf46fe1969cfe', 'e25fdd12f8ddbe42']; context = [[109, 139], [17, 46]]; loss = 0.037812
train step 17470; scene = ['0356f20494f9dc73', 'bcca5d9c32b982fd']; context = [[137, 169], [48, 79]]; loss = 0.027668
train step 17480; scene = ['9f3bcd7cc09b869d', '5f9e388efa364f74']; context = [[5, 34], [16, 44]]; loss = 0.028047
train step 17490; scene = ['cb7969e3c014c447', '05eed8ae0ceee055']; context = [[56, 87], [115, 143]]; loss = 0.023233
train step 17500; scene = ['847c60aa8c87bf36', '2d390b8ecfe886e1']; context = [[90, 117], [13, 41]]; loss = 0.024828
train step 17510; scene = ['5f27e7ce212ec13f', '93c82fa338786247']; context = [[45, 74], [76, 107]]; loss = 0.033221
train step 17520; scene = ['47b06bf4257e2e6f', 'f01c5823afd06b8f']; context = [[12, 44], [242, 271]]; loss = 0.039154
train step 17530; scene = ['31bb52556c508299', '5b6fad04865aa615']; context = [[49, 80], [92, 122]]; loss = 0.020634
train step 17540; scene = ['30a0abf380fe788d', '61d115f15bafd71c']; context = [[13, 43], [23, 53]]; loss = 0.023899
train step 17550; scene = ['080222a399d70984', 'df3bee9f003d29e3']; context = [[9, 39], [25, 56]]; loss = 0.043684
train step 17560; scene = ['46fb6702ed1b9967', '8039342cf122c12d']; context = [[247, 278], [38, 69]]; loss = 0.024842
train step 17570; scene = ['0fadc51c617e61f6', '0a6deca53d7acebf']; context = [[5, 37], [32, 64]]; loss = 0.036847
train step 17580; scene = ['5df48aeba173d6a3', '5222beadb503d49a']; context = [[106, 138], [116, 144]]; loss = 0.033675
train step 17590; scene = ['c4daa0de6e41c4d9', 'e3d66ec0999d7a5b']; context = [[110, 142], [37, 65]]; loss = 0.026762
train step 17600; scene = ['f3cacfe3ffeb7f0b', '30993d0572bc5c54']; context = [[29, 60], [122, 150]]; loss = 0.024175
train step 17610; scene = ['3b0773ad88f66cb8', '06f2efdf110c0386']; context = [[68, 100], [33, 61]]; loss = 0.022035
train step 17620; scene = ['4ac2a29fadf3852d', '9a7592ed3d928a81']; context = [[17, 44], [41, 70]]; loss = 0.028120
train step 17630; scene = ['f61bc3eb312efcc4', 'e88c42ff2e168169']; context = [[38, 67], [44, 75]]; loss = 0.023592
train step 17640; scene = ['78b5e6c5007aeaf0', '3ae6572ce43da649']; context = [[94, 123], [19, 47]]; loss = 0.026796
train step 17650; scene = ['e806c8996c08edcf', 'd4f0cd8777b3d534']; context = [[20, 47], [30, 61]]; loss = nan
train step 17660; scene = ['9316b3c04ae81baf', '32aaa090d9131f32']; context = [[104, 134], [22, 53]]; loss = 0.031464
train step 17670; scene = ['a07336fb3796ce84', '77825008ac6c663b']; context = [[0, 30], [65, 97]]; loss = 0.052728
train step 17680; scene = ['4a53a9711f98a0af', '287f04b4d4c3d565']; context = [[31, 63], [68, 98]]; loss = 0.024230
train step 17690; scene = ['f62d272178937c8a', '3a9ebf5a3e5a0084']; context = [[22, 50], [31, 61]]; loss = 0.023356
train step 17700; scene = ['28067dda0ffd7a29', '442516502d2ea879']; context = [[95, 126], [29, 60]]; loss = 0.022422
train step 17710; scene = ['a0c8f13e0ee9d03e', '0764fc7d1ac310a4']; context = [[102, 131], [83, 111]]; loss = 0.025875
train step 17720; scene = ['26b0b526871051b0', '431514962cf50462']; context = [[8, 37], [79, 107]]; loss = 0.031679
train step 17730; scene = ['d39d020d124fb591', 'd867469315c8b0ba']; context = [[4, 34], [54, 84]]; loss = 0.032678
train step 17740; scene = ['f2a40abf0e21787d', '38a709b9a18034bf']; context = [[47, 75], [4, 36]]; loss = 0.029592
train step 17750; scene = ['b55ab245b73ccecf', 'b25a0f4ffca51d79']; context = [[12, 41], [184, 215]]; loss = 0.045005
train step 17760; scene = ['595a8731cc0ad176', '4b19af1446b886e0']; context = [[118, 147], [0, 29]]; loss = 0.026771
train step 17770; scene = ['96f4400964d34786', '5ca63d8b70397aaf']; context = [[14, 46], [24, 53]]; loss = 0.027296
train step 17780; scene = ['2ea429d644e38f65', 'f5471975e1f7a3da']; context = [[4, 36], [63, 94]]; loss = 0.046470
train step 17790; scene = ['6acee38e5863fde6', '56863fb499e2ff9a']; context = [[8, 35], [61, 92]]; loss = 0.031432
train step 17800; scene = ['5af820514cb6e04b', '7ccc290152046a71']; context = [[47, 78], [16, 43]]; loss = 0.041263
train step 17810; scene = ['fda79443837dd083', '3b43e20efed5bd43']; context = [[18, 47], [138, 168]]; loss = 0.026040
train step 17820; scene = ['cb9c1a381589dcf0', '4265bc29121b026f']; context = [[1, 33], [48, 75]]; loss = 0.021279
train step 17830; scene = ['66142899889d749e', 'ef5884b9fe26c7c4']; context = [[92, 124], [10, 39]]; loss = 0.021968
train step 17840; scene = ['7e5deb9e81477190', 'f9f240e5d3cc903d']; context = [[8, 38], [4, 36]]; loss = 0.036330
train step 17850; scene = ['bf202c2307040974', '2a2334b39a65d2aa']; context = [[173, 203], [10, 38]]; loss = 0.050178
train step 17860; scene = ['e693e3a626e92694', '42023d3c17fea2c7']; context = [[1, 32], [34, 64]]; loss = 0.035914
train step 17870; scene = ['af929bef74892ce6', 'd312a48eec9207af']; context = [[45, 74], [105, 132]]; loss = 0.027770
train step 17880; scene = ['a13334b6ed0e5938', '81f6a01b1cabb627']; context = [[157, 188], [148, 175]]; loss = 0.024594
train step 17890; scene = ['b73c5e0a08d76ce7', '3ff1284c0953670b']; context = [[130, 161], [92, 121]]; loss = 0.033662
train step 17900; scene = ['d86fbb8ba2bcee27', 'dd709a76c4ade039']; context = [[98, 128], [26, 54]]; loss = 0.023476
train step 17910; scene = ['15d5615334107cb3', '26ce3e2c5766e010']; context = [[60, 87], [2, 33]]; loss = 0.025474
train step 17920; scene = ['ab000b4f32ced111', '7157a08b4d909e22']; context = [[18, 46], [37, 68]]; loss = 0.039433
train step 17930; scene = ['00eb40d5943d736e', 'a9078505733cf9d7']; context = [[2, 33], [19, 47]]; loss = 0.024203
train step 17940; scene = ['3ead2b6b98af435f', 'ef64704a98d20cba']; context = [[147, 178], [0, 31]]; loss = 0.029912
train step 17950; scene = ['df7483e3abe31e97', '6762b70cfb8a36d5']; context = [[60, 87], [30, 62]]; loss = 0.018232
train step 17960; scene = ['ed6417af430716b8', '10a0c43456612e14']; context = [[53, 81], [8, 40]]; loss = 0.035442
train step 17970; scene = ['53c8ed7e5b5a87b1', '4ba7c242598f2e10']; context = [[18, 48], [4, 36]]; loss = 0.036066
train step 17980; scene = ['477f44d4c838a6eb', '894989e32e698e7d']; context = [[20, 49], [158, 186]]; loss = 0.025964
train step 17990; scene = ['9cc01f35f0cdb657', 'b9bfa33e34db7e78']; context = [[201, 229], [6, 35]]; loss = 0.024304
validation step 18000; scene = ['2f197e2a5d5d2985']; context = [[6, 35]]
train step 18000; scene = ['26e37e586c020680', 'c9f16c5c526ddbcd']; context = [[2, 33], [7, 38]]; loss = 0.021270
train step 18010; scene = ['1ee79223b5b61a79', 'f4112543925e9e4e']; context = [[26, 53], [120, 149]]; loss = 0.023374
train step 18020; scene = ['9b15e63ce336fd2f', 'fdb6f125420454f2']; context = [[218, 247], [35, 62]]; loss = 0.028361
train step 18030; scene = ['1e97fe5dfd5c79a7', 'e8631b8149e42ce0']; context = [[6, 36], [28, 59]]; loss = 0.032340
train step 18040; scene = ['0eeacc044d6356aa', '46fba2ccb0c2f48e']; context = [[60, 90], [239, 270]]; loss = 0.026858
train step 18050; scene = ['a18aa1680704fb78', '0c4ad0078fadf621']; context = [[7, 38], [74, 106]]; loss = 0.028939
train step 18060; scene = ['88d011fbf3bbfa0d', '62e0ba062f947b18']; context = [[77, 109], [3, 32]]; loss = 0.040767
train step 18070; scene = ['7e3273b72ad96149', '3177e84ecef83f28']; context = [[115, 147], [63, 93]]; loss = 0.039194
train step 18080; scene = ['706210d8cd04e8f5', '9b71031c032f03a7']; context = [[107, 137], [79, 110]]; loss = 0.029295
train step 18090; scene = ['f63d2df8871ce70c', 'ba7019268cbd976c']; context = [[1, 29], [7, 35]]; loss = 0.026467
train step 18100; scene = ['7ee761e91dad7f2d', '4b9dbf758bb580bc']; context = [[11, 42], [35, 67]]; loss = 0.023261
train step 18110; scene = ['b7a14012ca652f07', '262e52b03eceb5c9']; context = [[4, 35], [159, 188]]; loss = 0.027066
train step 18120; scene = ['693190c152351f08', 'ece6ad16037ff4f7']; context = [[5, 37], [1, 33]]; loss = 0.037648
train step 18130; scene = ['0fa0f0288005bdaf', '5387d5e4957fa417']; context = [[0, 32], [19, 50]]; loss = 0.026525
train step 18140; scene = ['bd92ad43a04f9997', 'ce2a43daf508bd6f']; context = [[86, 114], [18, 50]]; loss = 0.036647
train step 18150; scene = ['c252cb8d56b7bf61', '387869c32509770c']; context = [[200, 232], [223, 253]]; loss = 0.020054
train step 18160; scene = ['f99e55f59e21e131', '7a8b149bd55e3dda']; context = [[13, 41], [41, 69]]; loss = 0.037666
train step 18170; scene = ['9c9c2adfbf77dfcf', '71ebd07b59eccb9e']; context = [[85, 116], [12, 44]]; loss = 0.030727
train step 18180; scene = ['56453c8b912ad0f8', '7840587b79766a50']; context = [[37, 69], [131, 158]]; loss = 0.032688
train step 18190; scene = ['837ffa70d906619c', '947fd66a25846b98']; context = [[75, 102], [0, 30]]; loss = 0.049915
train step 18200; scene = ['8d432ebfdfe3565d', 'c03ed794034749de']; context = [[36, 65], [9, 37]]; loss = 0.038075
train step 18210; scene = ['c3f698f6017a16e0', '29b8e57e47c3e036']; context = [[81, 108], [72, 101]]; loss = 0.057907
train step 18220; scene = ['0ca219e558a9ced6', 'f76db35ccf517018']; context = [[6, 34], [85, 116]]; loss = 0.025140
train step 18230; scene = ['07fba88c60858724', '5c61be9113ab38be']; context = [[100, 130], [119, 146]]; loss = 0.023787
train step 18240; scene = ['63e7c533debc1cc6', '3b82424320bc2c1c']; context = [[94, 125], [11, 42]]; loss = 0.034113
train step 18250; scene = ['71d24f4e70b1596e', '6320f8f8c0cd9ffa']; context = [[25, 55], [190, 219]]; loss = 0.024957
train step 18260; scene = ['688c561946e62365', '10a59e6f4e896e97']; context = [[37, 68], [5, 35]]; loss = 0.022593
train step 18270; scene = ['9be98871c79172bc', '18fab33114eb4b24']; context = [[3, 32], [6, 34]]; loss = 0.040466
train step 18280; scene = ['9d13d970ed008381', '06abe63d93bc1293']; context = [[202, 229], [16, 46]]; loss = 0.025926
train step 18290; scene = ['1b291a96c2089720', '1f9b63de7df2e5fd']; context = [[47, 79], [72, 104]]; loss = 0.022265
train step 18300; scene = ['c264a11347c75a0c', '3d6be0f3b963ce22']; context = [[211, 238], [93, 122]]; loss = 0.025368
train step 18310; scene = ['e4823869577d56d8', 'a4c1d34f52dbf130']; context = [[32, 64], [6, 38]]; loss = 0.033684
train step 18320; scene = ['b7704dd25774b036', '88c1a8123dd767c8']; context = [[8, 39], [54, 83]]; loss = 0.033517
train step 18330; scene = ['e1b314577540b3fe', 'ca553f25d2495261']; context = [[48, 75], [75, 105]]; loss = 0.043195
train step 18340; scene = ['da26227aa947976d', '704fec051b7efd3b']; context = [[34, 64], [25, 57]]; loss = 0.040311
train step 18350; scene = ['0ab90285e36a4be2', 'b6b16f654a4e6cd0']; context = [[83, 111], [200, 227]]; loss = 0.032239
train step 18360; scene = ['78d4e52d3166717c', '0e36759e631b3a7d']; context = [[8, 36], [82, 110]]; loss = 0.028932
train step 18370; scene = ['d00468d657637e58', 'a8618ce38df99d23']; context = [[89, 121], [50, 79]]; loss = 0.025108
train step 18380; scene = ['24ece59adbca756a', '6d54ac0665423743']; context = [[10, 42], [35, 65]]; loss = 0.021163
train step 18390; scene = ['e3c44c39efde0ffa', '57e92ce492e1b635']; context = [[46, 73], [64, 95]]; loss = 0.028027
train step 18400; scene = ['927c1d583687a4a0', '2f71cfc6c03e7d04']; context = [[135, 163], [9, 40]]; loss = 0.024184
train step 18410; scene = ['4f5699de910b5725', 'ff267c0c172aadd7']; context = [[39, 68], [140, 169]]; loss = 0.025026
train step 18420; scene = ['5cf5c15ca02422fe', '21441ad751cfb66d']; context = [[27, 57], [2, 32]]; loss = 0.039837
train step 18430; scene = ['c8cb25092964f8e9', '378f5d7d09f3cd72']; context = [[45, 74], [1, 29]]; loss = 0.027617
train step 18440; scene = ['0d58b951f36e525e', '83689b78310fab98']; context = [[162, 191], [12, 40]]; loss = 0.022831
train step 18450; scene = ['1ca1a938ef8d7dfa', 'b6d9f61b638b36c6']; context = [[9, 38], [48, 80]]; loss = 0.037311
train step 18460; scene = ['9bd288cf20312774', 'a1b6b2fba25cb6fb']; context = [[81, 109], [9, 39]]; loss = 0.043656
train step 18470; scene = ['5108afe9f18fa9ed', 'b095acdded6e47d1']; context = [[15, 47], [63, 95]]; loss = 0.035096
train step 18480; scene = ['445c628439432589', '615edbef9997f747']; context = [[45, 76], [30, 57]]; loss = 0.035677
train step 18490; scene = ['6a060404930871b6', '59c2db73473daf48']; context = [[51, 82], [4, 33]]; loss = 0.029476
train step 18500; scene = ['bb2afd35d6f8a765', 'b933b6a20e0ac3d4']; context = [[87, 115], [140, 171]]; loss = 0.027263
train step 18510; scene = ['54cfdcc11f17f88a', 'dc88bf46941dca99']; context = [[34, 65], [143, 170]]; loss = 0.029979
train step 18520; scene = ['0dd29f122833ce26', '689b2f88279997b7']; context = [[5, 32], [8, 35]]; loss = 0.043876
train step 18530; scene = ['d433a78ed22786cb', 'a00677410f377f66']; context = [[9, 39], [136, 163]]; loss = 0.041356
train step 18540; scene = ['9b36cd244baab44e', '543ea079f1309658']; context = [[4, 31], [39, 69]]; loss = 0.018426
train step 18550; scene = ['83383ec46d9d22ad', '3f6b4ace3793a901']; context = [[26, 53], [220, 252]]; loss = 0.039157
train step 18560; scene = ['ebb8a4f741d7207d', '0b80f0a65d269cab']; context = [[151, 180], [42, 75]]; loss = 0.028225
train step 18570; scene = ['819648da61dbdca1', '7e4ee0e5f3b7c07a']; context = [[26, 53], [22, 54]]; loss = 0.020783
train step 18580; scene = ['32dd8e58c56b2412', 'b686f91c36fa4e0a']; context = [[51, 79], [9, 40]]; loss = 0.028609
train step 18590; scene = ['d2d654c46067da8e', '24ac827ffe43978b']; context = [[5, 35], [5, 35]]; loss = 0.048502
train step 18600; scene = ['011a3430ca6f8101', '9b299dd51856f116']; context = [[22, 51], [149, 181]]; loss = 0.028543
train step 18610; scene = ['0a0e71514910fd78', '97218a168cb11d40']; context = [[158, 191], [232, 261]]; loss = 0.028270
train step 18620; scene = ['8751b1164824cffc', 'e2aaaef9c0310d0d']; context = [[75, 106], [236, 264]]; loss = 0.018793
train step 18630; scene = ['b9277bf4125499a0', '31411305ea3662c6']; context = [[9, 41], [69, 101]]; loss = 0.020265
train step 18640; scene = ['73825b627149fe38', 'a439678a22caa9ac']; context = [[168, 197], [5, 35]]; loss = 0.026854
train step 18650; scene = ['e19e727ca26aa763', '5dc3bfb193417474']; context = [[73, 106], [55, 83]]; loss = 0.028382
train step 18660; scene = ['2c4541ba8f41d7a4', 'bf95ab0a626f22de']; context = [[212, 240], [114, 147]]; loss = 0.034011
train step 18670; scene = ['dc541d55464d4055', '4ef54337c41e3adb']; context = [[61, 93], [148, 175]]; loss = 0.037639
train step 18680; scene = ['54cee7146da8c7ac', '34573dc20956ef12']; context = [[45, 73], [20, 50]]; loss = 0.022549
train step 18690; scene = ['b85b9e575ba37be6', 'f122ea05abe66bf7']; context = [[68, 96], [105, 132]]; loss = 0.056923
train step 18700; scene = ['9aab81a10733d402', '3a9cf9b68f41334a']; context = [[40, 70], [192, 225]]; loss = 0.039948
train step 18710; scene = ['b43dfc6680f84101', '43df8b14b0450f89']; context = [[241, 269], [26, 59]]; loss = 0.030958
train step 18720; scene = ['1b053fb18db58990', '11ac6e3e1ff6f5b3']; context = [[39, 68], [8, 36]]; loss = 0.026603
train step 18730; scene = ['9d714edfee008fc2', '0df41f651f4faed6']; context = [[22, 49], [7, 34]]; loss = 0.020851
train step 18740; scene = ['6f109232d9beb036', 'bfadf9a64d247858']; context = [[60, 89], [29, 61]]; loss = 0.030163
train step 18750; scene = ['38f9915c11b8ee4f', '7eb0dffcddc1722c']; context = [[14, 47], [54, 86]]; loss = 0.028901
train step 18760; scene = ['eefc81d648d588c6', '8b5c24358ec92b0c']; context = [[17, 48], [46, 75]]; loss = 0.032970
train step 18770; scene = ['0283b8e9fb87c5f2', '814e618d3d65089c']; context = [[35, 67], [1, 28]]; loss = 0.016649
